id,category,question_type,prompt,correct_answer,option_b,option_c,helper_text
1,Verbs,fill_in_blank,"Ich ___ gern Musik.",höre,hörst,hört,hören (to hear/listen)
2,Cases,multiple_choice,"Er kauft ___ Apfel.",einen,ein,einem,"der Apfel (masculine)"
3,W-Fragen,fill_in_blank,"___ heißt du?",Wie,Was,Wer,"Asking for a name"
4,Sentences,build_sentence,"Anna|wohnt|in Berlin",Anna wohnt in Berlin.,,,
5,Pronouns,multiple_choice,"Der Lehrer sieht ___.",mich,ich,mir,"ich -> mich (accusative)"
6,Verbs,multiple_choice,"Was ___ du?",machst,mache,macht,"machen (to do)"
7,Articles,fill_in_blank,"Das ist ___ Katze.",eine,einen,ein,"die Katze (feminine)"
8,Haben/Sein,fill_in_blank,"Wir ___ Hunger.",haben,sind,habt,"haben (to have)"
9,Verbs,fill_in_blank,"Er ___ ein Buch.",liest,lese,lesen,"lesen (to read - irregular)"
10,Cases,multiple_choice,"Ich habe ___ Schwester.",eine,einen,ein,"die Schwester (feminine)"
11,W-Fragen,fill_in_blank,"___ kommst du?",Woher,Wo,Wohin,"Asking for origin"
12,Sentences,build_sentence,"spielt|Fußball|er|gern",Er spielt gern Fußball.,,,
13,Pronouns,fill_in_blank,"Kannst du ___ helfen?",mir,mich,ich,"helfen + Dativ (A2 preview)"
14,Verbs,multiple_choice,"Ihr ___ sehr schnell.",sprecht,spreche,sprichst,"sprechen (to speak - irregular)"
15,Articles,fill_in_blank,"Ich brauche ___ Stift.",einen,eine,ein,"der Stift (masculine)"
16,Haben/Sein,fill_in_blank,"___ du müde?",Bist,Hast,Sein,"sein (to be)"
17,Verbs,fill_in_blank,"Sie (Plural) ___ ins Kino.",gehen,geht,gehe,"gehen (to go)"
18,Cases,multiple_choice,"Wir besuchen ___ Freund.",den,der,dem,"der Freund (masculine)"
19,W-Fragen,fill_in_blank,"___ ist das?",Was,Wer,Wie,"Asking about an object"
20,Sentences,build_sentence,"trinken|wir|Kaffee|am Morgen",Wir trinken am Morgen Kaffee.,,,
21,Pronouns,multiple_choice,"Er gibt ___ das Buch.",ihr,sie,sich,"sie -> ihr (dative)"
22,Verbs,fill_in_blank,"Ich ___ morgen nach Hamburg.",fahre,fährst,fahrt,"fahren (to drive/go - irregular)"
23,Articles,multiple_choice,"Das Kind isst ___ Brot.",das,den,der,"das Brot (neuter)"
24,Haben/Sein,fill_in_blank,"Ich ___ ein Auto.",habe,bin,hast,"haben (to have)"
25,Verbs,multiple_choice,"Du ___ die Antwort.",weißt,weiß,wissen,"wissen (to know - irregular)"
26,Cases,fill_in_blank,"Sie hat ___ Idee.",eine,einen,ein,"die Idee (feminine)"
27,W-Fragen,fill_in_blank,"___ kostet der Pullover?",Was,Wie,Wann,"Asking for price"
28,Sentences,build_sentence,"kann|schwimmen|sehr gut|er",Er kann sehr gut schwimmen.,,,
29,Pronouns,fill_in_blank,"Ich kaufe ___ ein Geschenk.",dir,dich,du,"du -> dir (dative)"
30,Verbs,multiple_choice,"Ihr ___ die Tür.",öffnet,öffnen,öffne,"öffnen (to open)"
31,Articles,fill_in_blank,"Hier ist ___ Bahnhof.",der,den,dem,"der Bahnhof (masculine) - Nominative"
32,Haben/Sein,multiple_choice,"___ ihr Geschwister?",Habt,Seid,Haben,"haben (to have)"
33,Verbs,fill_in_blank,"Er ___ seiner Mutter.",hilft,helfe,helfen,"helfen (to help - irregular)"
34,Cases,multiple_choice,"Ich sehe ___ Frau.",die,der,den,"die Frau (feminine)"
35,W-Fragen,fill_in_blank,"___ beginnt der Film?",Wann,Wo,Was,"Asking for time"
36,Sentences,build_sentence,"möchte|eine Pizza|ich|bestellen",Ich möchte eine Pizza bestellen.,,,
37,Pronouns,fill_in_blank,"Das Paket ist für ___.",dich,dir,du,"für + Akkusativ"
38,Verbs,multiple_choice,"Wir ___ das Lied nicht.",kennen,kennt,kenne,"kennen (to know a person/thing)"
39,Articles,fill_in_blank,"Er liest ___ Zeitung.",die,der,das,"die Zeitung (feminine)"
40,Haben/Sein,fill_in_blank,"Er ___ gestern krank.",war,hatte,ist,"sein (to be) - Past Tense (Präteritum)"
41,Verbs,multiple_choice,"Du ___ den Tisch.",nimmst,nehme,nehmt,"nehmen (to take - irregular)"
42,Cases,fill_in_blank,"Wir essen ___ Kuchen.",den,der,dem,"der Kuchen (masculine)"
43,W-Fragen,multiple_choice,"___ ist dein Lieblingsfach?",Was,Wer,Wie,"Asking 'what'"
44,Sentences,build_sentence,"jeden Tag|sie|lernt|Deutsch",Sie lernt jeden Tag Deutsch.,,,
45,Pronouns,multiple_choice,"Wir danken ___ für die Hilfe.",Ihnen,Sie,Ihr,"Sie (formal) -> Ihnen (dative)"
46,Modal Verbs,fill_in_blank,"Ich ___ schwimmen.",kann,können,kannst,"können (can)"
47,Articles,multiple_choice,"Das ist ___ Auto von Paul.",das,den,der,"das Auto (neuter) - Nominative"
48,Haben/Sein,fill_in_blank,"Ihr ___ Recht.",habt,seid,haben,"Recht haben (to be right)"
49,Verbs,multiple_choice,"Der Hund ___ im Garten.",schläft,schlafe,schlafen,"schlafen (to sleep - irregular)"
50,Cases,fill_in_blank,"Ich zeige dem Mann ___ Weg.",den,der,das,"der Weg (masculine)"
51,Verbs,fill_in_blank,"Sie (formal) ___ bitte langsam.",sprechen,sprichst,spreche,"sprechen (to speak)"
52,Cases,multiple_choice,"Ich möchte ___ Kaffee.",einen,ein,einem,"der Kaffee (masculine)"
53,W-Fragen,fill_in_blank,"___ alt bist du?",Wie,Was,Wer,"Asking for age"
54,Sentences,build_sentence,"finde|interessant|den Film|ich",Ich finde den Film interessant.,,,
55,Pronouns,multiple_choice,"Siehst du ___ (Plural)?",uns,wir,unser,"wir -> uns (accusative)"
56,Verbs,multiple_choice,"Er ___ seiner Freundin Blumen.",gibt,gebe,geben,"geben (to give - irregular)"
57,Articles,fill_in_blank,"Wir haben ___ Haus mit Garten.",ein,einen,eine,"das Haus (neuter)"
58,Haben/Sein,fill_in_blank,"Gestern ___ ich keine Zeit.",hatte,war,habe,"haben (to have) - Past Tense (Präteritum)"
59,Verbs,fill_in_blank,"Du ___ mir.",hilfst,helfen,helfe,"helfen (to help - irregular)"
60,Cases,multiple_choice,"Der Junge wirft ___ Ball.",den,der,dem,"der Ball (masculine)"
61,W-Fragen,fill_in_blank,"___ wohnt Peter?",Wo,Was,Wer,"Asking for location"
62,Sentences,build_sentence,"möchtest|essen|was|du|?",Was möchtest du essen?,,,
63,Pronouns,fill_in_blank,"Die Blumen sind für ___.",sie,ihr,ihnen,"sie (she) -> sie (accusative)"
64,Verbs,multiple_choice,"Ihr ___ die Musik.",hört,hören,höre,"hören (to hear)"
65,Articles,multiple_choice,"Dort steht ___ Auto.",ein,einen,eine,"das Auto (neuter)"
66,Haben/Sein,fill_in_blank,"Er ___ keine Angst.",hat,ist,habe,"Angst haben (to be afraid)"
67,Verbs,fill_in_blank,"Ich ___ dich später an.",rufe,rufst,ruft,"anrufen (to call - separable verb)"
68,Cases,multiple_choice,"Die Schülerin fragt ___ Lehrer.",den,der,dem,"der Lehrer (masculine)"
69,W-Fragen,fill_in_blank,"Mit ___ sprichst du?",wem,wen,wer,"Asking about a person (dative)"
70,Sentences,build_sentence,"jeden Morgen|er|trinkt|Kaffee",Er trinkt jeden Morgen Kaffee.,,,
71,Pronouns,multiple_choice,"Ich kann ___ (you all) sehen.",euch,ihr,euer,"ihr -> euch (accusative)"
72,Modal Verbs,fill_in_blank,"Wir ___ morgen früh aufstehen.",müssen,muss,müsst,"müssen (must)"
73,Articles,fill_in_blank,"Sie kauft ___ schöne Tasche.",eine,einen,ein,"die Tasche (feminine)"
74,Haben/Sein,multiple_choice,"Wir ___ im Urlaub.",sind,haben,waren,"sein (to be)"
75,Verbs,fill_in_blank,"Er ___ die Tür zu.",macht,mache,machen,"zumachen (to close - separable verb)"
76,Cases,multiple_choice,"Das Geschenk ist für ___ Vater.",den,der,dem,"der Vater (masculine)"
77,W-Fragen,fill_in_blank,"___ gehört dieses Buch?",Wem,Wen,Wer,"Asking about ownership (dative)"
78,Sentences,build_sentence,"ich|an|rufe|dich|morgen",Ich rufe dich morgen an.,,,
79,Pronouns,multiple_choice,"Kannst du ___ das Salz geben?",mir,mich,ich,"geben + Dativ"
80,Verbs,multiple_choice,"Du ___ zu viel.",isst,esse,essen,"essen (to eat - irregular)"
81,Articles,fill_in_blank,"Er hat ___ Hund.",einen,ein,eine,"der Hund (masculine)"
82,Haben/Sein,fill_in_blank,"Du ___ Glück!",hast,bist,habe,"Glück haben (to be lucky)"
83,Verbs,fill_in_blank,"Das Baby ___ die ganze Nacht.",schläft,schlafen,schlafe,"schlafen (to sleep - irregular)"
84,Cases,multiple_choice,"Ich schreibe ___ E-Mail.",eine,einen,ein,"die E-Mail (feminine)"
85,W-Fragen,fill_in_blank,"___ fährt dieser Bus?",Wohin,Wo,Woher,"Asking for destination"
86,Sentences,build_sentence,"erzählt|eine Geschichte|er|uns",Er erzählt uns eine Geschichte.,,,
87,Pronouns,multiple_choice,"Er hat ___ (him) nicht gesehen.",ihn,er,ihm,"er -> ihn (accusative)"
88,Modal Verbs,fill_in_blank,"___ ich hier rauchen?",Darf,Muss,Will,"dürfen (may, to be allowed to)"
89,Articles,fill_in_blank,"Ich lese gerade ___ spannendes Buch.",ein,einen,eine,"das Buch (neuter)"
90,Haben/Sein,multiple_choice,"Ich ___ am ersten Januar geboren.",bin,habe,werde,"sein (to be) - with 'geboren'"
91,Verbs,fill_in_blank,"Ich ___ dir.",glaube,glaubst,glaubt,"glauben (to believe)"
92,Cases,multiple_choice,"Wir brauchen ___ neuen Tisch.",einen,ein,einem,"der Tisch (masculine)"
93,W-Fragen,fill_in_blank,"___ hast du das gelernt?",Wo,Wie,Was,"Asking 'how' or 'where'"
94,Sentences,build_sentence,"kaufen|wir|im Supermarkt|ein",Wir kaufen im Supermarkt ein.,,,
95,Pronouns,multiple_choice,"Das gehört ___ nicht.",mir,mich,ich,"gehören + Dativ"
96,Verbs,multiple_choice,"Sie ___ ihrem Bruder.",ähnelt,ähneln,ähnle,"ähneln (to resemble - dative verb)"
97,Articles,fill_in_blank,"Er trägt ___ Brille.",eine,einen,ein,"die Brille (feminine)"
98,Haben/Sein,fill_in_blank,"Ihr ___ gestern im Kino.",wart,hattet,seid,"sein (to be) - Past Tense (Präteritum)"
99,Verbs,fill_in_blank,"Bitte ___ Sie das Fenster.",schließen,schließt,schließe,"schließen (to close)"
100,Cases,multiple_choice,"Ich helfe ___ alten Dame.",der,die,den,"helfen + Dativ"
101,Verbs,fill_in_blank,"Du ___ gern Kaffee.",trinkst,trinke,trinkt,"trinken (to drink)"
102,Articles,multiple_choice,"Sie liest ___ Buch.",das,den,die,"das Buch (neuter)"
103,Sentences,build_sentence,"isst|einen Apfel|das Mädchen",Das Mädchen isst einen Apfel.,,,
104,Haben/Sein,fill_in_blank,"Er ___ einen Bruder.",hat,ist,habe,"haben (to have)"
105,W-Fragen,multiple_choice,"___ machen wir heute?",Was,Wer,Wann,"Asking 'what'"
106,Pronouns,fill_in_blank,"Ich liebe ___.",dich,du,dir,"lieben + Akkusativ"
107,Verbs,fill_in_blank,"Wir ___ in Spanien.",wohnen,wohnt,wohne,"wohnen (to live)"
108,Cases,multiple_choice,"Er fragt ___ Polizisten.",den,der,dem,"der Polizist (masculine)"
109,Modal Verbs,fill_in_blank,"Ihr ___ lauter sprechen.",müsst,müssen,muss,"müssen (must, have to)"
110,Haben/Sein,multiple_choice,"___ Sie verheiratet?",Sind,Haben,Seid,"sein (to be)"
111,Verbs,multiple_choice,"Ich ___ auf den Bus.",warte,wartest,wartet,"warten (to wait)"
112,Articles,fill_in_blank,"Das ist ___ gute Idee.",eine,ein,einen,"die Idee (feminine)"
113,W-Fragen,fill_in_blank,"___ alt ist dein Vater?",Wie,Was,Wo,"Asking for age"
114,Sentences,build_sentence,"kann|Gitarre|spielen|sie",Sie kann Gitarre spielen.,,,
115,Pronouns,multiple_choice,"Gefällt es ___ hier?",dir,dich,du,"gefallen + Dativ"
116,Verbs,fill_in_blank,"Er ___ die Tür auf.",macht,mache,machen,"aufmachen (to open - separable)"
117,Cases,multiple_choice,"Wir sehen ___ Film.",den,der,das,"der Film (masculine)"
118,Haben/Sein,fill_in_blank,"Du ___ aber Glück!",hast,bist,haben,"Glück haben (to be lucky)"
119,Verbs,multiple_choice,"Ihr ___ die Hausaufgaben.",macht,mache,machen,"machen (to do)"
120,Articles,fill_in_blank,"Er trinkt ___ Glas Wasser.",ein,einen,eine,"das Glas (neuter)"
121,W-Fragen,multiple_choice,"___ ist dein Name?",Wie,Was,Wer,"Asking for a name"
122,Sentences,build_sentence,"kauft|im Supermarkt|sie|Milch",Sie kauft im Supermarkt Milch.,,,
123,Pronouns,fill_in_blank,"Er hilft ___ (us).",uns,wir,unser,"helfen + Dativ"
124,Verbs,fill_in_blank,"Ich ___ dich morgen an.",rufe,rufst,rufen,"anrufen (to call - separable)"
125,Cases,multiple_choice,"Sie sucht ___ Schlüssel.",den,der,die,"der Schlüssel (masculine)"
126,Haben/Sein,fill_in_blank,"Ich ___ keine Geschwister.",habe,bin,hatte,"haben (to have)"
127,Verbs,multiple_choice,"Du ___ sehr gut Deutsch.",sprichst,spreche,sprechen,"sprechen (to speak - irregular)"
128,Articles,fill_in_blank,"Das ist ___ Tisch.",ein,einen,eine,"der Tisch (masculine)"
129,W-Fragen,fill_in_blank,"___ kommt der Zug an?",Wann,Wo,Was,"Asking for arrival time"
130,Sentences,build_sentence,"ich|ins Bett|gehe|um 10 Uhr",Ich gehe um 10 Uhr ins Bett.,,,
131,Pronouns,multiple_choice,"Ich schreibe ___ eine E-Mail.",ihm,ihn,er,"er -> ihm (dative)"
132,Verbs,fill_in_blank,"Wir ___ oft zusammen.",kochen,kocht,koche,"kochen (to cook)"
133,Cases,multiple_choice,"Er isst ___ Pizza.",die,der,den,"die Pizza (feminine)"
134,Haben/Sein,multiple_choice,"___ ihr durstig?",Seid,Habt,Sind,"sein (to be)"
135,Verbs,fill_in_blank,"Das Kind ___ mit dem Hund.",spielt,spiele,spielen,"spielen (to play)"
136,Articles,multiple_choice,"Ich fahre mit ___ Bus.",dem,den,der,"der Bus (Dativ - A2)"
137,W-Fragen,fill_in_blank,"___ hast du Geburtstag?",Wann,Wie,Wo,"Asking for a date"
138,Sentences,build_sentence,"möchte|er|lernen|Spanisch",Er möchte Spanisch lernen.,,,
139,Pronouns,multiple_choice,"Die Lehrerin fragt ___.",dich,dir,du,"fragen + Akkusativ"
140,Verbs,multiple_choice,"Ich ___ meinen Schlüssel.",suche,suchst,sucht,"suchen (to look for)"
141,Cases,fill_in_blank,"Wir haben ___ schönes Auto.",ein,einen,eine,"das Auto (neuter)"
142,Haben/Sein,fill_in_blank,"Sie (formal) ___ sehr freundlich.",sind,haben,seid,"sein (to be)"
143,Verbs,fill_in_blank,"Der Film ___ um 20 Uhr.",beginnt,beginne,beginnen,"beginnen (to begin)"
144,Articles,multiple_choice,"Ich gebe ___ Frau die Blumen.",der,die,den,"die Frau (Dativ - A2)"
145,W-Fragen,fill_in_blank,"___ viel kostet das?",Wie,Was,Wann,"Asking for price/amount"
146,Sentences,build_sentence,"er|muss|arbeiten|heute",Er muss heute arbeiten.,,,
147,Pronouns,multiple_choice,"Das Fahrrad gehört ___.",mir,mich,ich,"gehören + Dativ"
148,Verbs,multiple_choice,"Du ___ zu schnell.",fährst,fahre,fahrt,"fahren (to drive - irregular)"
149,Cases,fill_in_blank,"Ich trinke ___ Tasse Tee.",eine,einen,ein,"die Tasse (feminine)"
150,Haben/Sein,fill_in_blank,"Wir ___ letztes Jahr in Italien.",waren,hatten,sind,"sein (to be) - Past Tense (Präteritum)"
151,Verbs,fill_in_blank,"Ihr ___ einen Film.",seht,sehen,sehe,"sehen (to see - irregular)"
152,Articles,multiple_choice,"Er hilft ___ Kind.",dem,das,den,"das Kind (Dativ - A2)"
153,W-Fragen,fill_in_blank,"___ ist dein Beruf?",Was,Wer,Wie,"Asking for profession"
154,Sentences,build_sentence,"kannst|du|bitte|helfen|mir|?",Kannst du mir bitte helfen?,,,
155,Pronouns,multiple_choice,"Wir kaufen ___ (him) ein Geschenk.",ihm,ihn,er,"er -> ihm (dative)"
156,Verbs,fill_in_blank,"Ich ___ um 7 Uhr auf.",stehe,stehst,steht,"aufstehen (to get up - separable)"
157,Cases,multiple_choice,"Sie liest ___ interessantes Buch.",ein,einen,eine,"das Buch (neuter)"
158,Haben/Sein,fill_in_blank,"Er ___ braune Augen.",hat,ist,habe,"haben (to have)"
159,Verbs,multiple_choice,"Der Student ___ die Frage.",antwortet,antworte,antworten,"antworten (to answer)"
160,Articles,fill_in_blank,"Das ist ___ Problem.",ein,einen,eine,"das Problem (neuter)"
161,W-Fragen,fill_in_blank,"___ gehst du?",Wohin,Wo,Woher,"Asking for destination"
162,Sentences,build_sentence,"wollen|wir|essen|gehen|?",Wollen wir essen gehen?,,,
163,Pronouns,multiple_choice,"Glaubst du ___?",mir,mich,ich,"glauben + Dativ"
164,Verbs,fill_in_blank,"Wir ___ unsere Freunde.",treffen,trefft,treffe,"treffen (to meet)"
165,Cases,multiple_choice,"Ich brauche ___ neue Brille.",eine,einen,ein,"die Brille (feminine)"
166,Haben/Sein,fill_in_blank,"Ich ___ am Bahnhof.",bin,habe,werde,"sein (to be)"
167,Verbs,multiple_choice,"Sie (she) ___ das Fenster.",öffnet,öffne,öffnen,"öffnen (to open)"
168,Articles,fill_in_blank,"Er schenkt seiner Freundin ___ Ring.",einen,eine,ein,"der Ring (masculine)"
169,W-Fragen,fill_in_blank,"___ lange dauert der Flug?",Wie,Was,Wann,"Asking for duration"
170,Sentences,build_sentence,"ich|fern|sehe|am Abend",Ich sehe am Abend fern.,,,
171,Pronouns,multiple_choice,"Die Jacke passt ___ gut.",dir,dich,du,"passen + Dativ"
172,Verbs,fill_in_blank,"Du ___ einen Brief.",schreibst,schreibe,schreibt,"schreiben (to write)"
173,Cases,multiple_choice,"Wir gehen in ___ Park.",den,der,dem,"in + Akkusativ (destination)"
174,Haben/Sein,fill_in_blank,"Ihr ___ eine gute Note.",habt,seid,haben,"haben (to have)"
175,Verbs,multiple_choice,"Ich ___ nicht, was du meinst.",verstehe,verstehst,versteht,"verstehen (to understand)"
176,Articles,fill_in_blank,"Das ist ___ Mann, den ich kenne.",der,den,dem,"der Mann (Nominative)"
177,W-Fragen,fill_in_blank,"___ Farbe hat dein Auto?",Welche,Was,Wie,"Asking 'which color'"
178,Sentences,build_sentence,"bringt|er|mit|den Kuchen",Er bringt den Kuchen mit.,,,
179,Pronouns,multiple_choice,"Kann ich ___ helfen?",Ihnen,Sie,Ihr,"Sie (formal) -> Ihnen (dative)"
180,Verbs,fill_in_blank,"Sie (Plural) ___ ihre Hausaufgaben.",machen,macht,mache,"machen (to do)"
181,Cases,multiple_choice,"Ich stelle die Flasche auf ___ Tisch.",den,der,dem,"auf + Akkusativ (destination)"
182,Haben/Sein,fill_in_blank,"Du ___ Recht.",hast,bist,habe,"Recht haben (to be right)"
183,Verbs,multiple_choice,"Der Wecker ___ um 6 Uhr.",klingelt,klingele,klingeln,"klingeln (to ring)"
184,Articles,fill_in_blank,"Sie hat ___ schönes Lächeln.",ein,einen,eine,"das Lächeln (neuter)"
185,W-Fragen,fill_in_blank,"___ kommt dein Bruder?",Wann,Was,Wer,"Asking 'when' or 'who'"
186,Sentences,build_sentence,"möchte|ich|einen Termin|vereinbaren",Ich möchte einen Termin vereinbaren.,,,
187,Pronouns,multiple_choice,"Wir gratulieren ___ zum Geburtstag.",dir,dich,du,"gratulieren + Dativ"
188,Modal Verbs,fill_in_blank,"Man ___ hier nicht parken.",darf,muss,kann,"dürfen (may, allowed to)"
189,Cases,multiple_choice,"Er gibt ___ Kellner das Trinkgeld.",dem,den,der,"der Kellner (Dativ - A2)"
190,Haben/Sein,fill_in_blank,"Ich ___ 20 Jahre alt.",bin,habe,werde,"sein (to be)"
191,Verbs,fill_in_blank,"Was ___ du zum Frühstück?",isst,esse,essen,"essen (to eat - irregular)"
192,Articles,multiple_choice,"Dort ist ___ Schule.",die,der,den,"die Schule (feminine)"
193,W-Fragen,fill_in_blank,"___ ist dein Lieblingsessen?",Was,Wer,Wie,"Asking 'what'"
194,Sentences,build_sentence,"kauft|ein|sie|im Supermarkt",Sie kauft im Supermarkt ein.,,,
195,Pronouns,multiple_choice,"Das Auto gehört ___.",ihm,ihn,er,"er -> ihm (dative)"
196,Verbs,multiple_choice,"Ihr ___ zu laut.",seid,habt,sind,"sein (to be)"
197,Cases,fill_in_blank,"Ich lege das Buch auf ___ Tisch.",den,der,dem,"auf + Akkusativ (destination)"
198,Haben/Sein,fill_in_blank,"Sie ___ viele Fragen.",hat,ist,habe,"haben (to have)"
199,Verbs,fill_in_blank,"Ich ___ dir später.",antworte,antwortest,antwortet,"antworten (to answer)"
200,Articles,multiple_choice,"Er ist ___ guter Freund.",ein,einen,eine,"der Freund (Nominative)"
201,W-Fragen,fill_in_blank,"Aus ___ Land kommen Sie?",welchem,welchen,welcher,"Asking 'from which country'"
202,Sentences,build_sentence,"hole|dich|ab|ich|vom Bahnhof",Ich hole dich vom Bahnhof ab.,,,
203,Pronouns,multiple_choice,"Das schmeckt ___ sehr gut.",uns,wir,unser,"schmecken + Dativ"
204,Verbs,fill_in_blank,"Er ___ jeden Morgen Zeitung.",liest,lese,lesen,"lesen (to read - irregular)"
205,Cases,multiple_choice,"Sie geht mit ___ Hund spazieren.",dem,den,der,"mit + Dativ (A2)"
206,Haben/Sein,fill_in_blank,"Ihr ___ im Chor.",singt,seid,habt,"singen (to sing)"
207,Verbs,multiple_choice,"Du ___ das Geschirr.",spülst,spüle,spülen,"spülen (to wash dishes)"
208,Articles,fill_in_blank,"Ich sehe ___ Frau mit einem Hund.",eine,einen,ein,"die Frau (feminine)"
209,W-Fragen,fill_in_blank,"___ hast du das Auto gekauft?",Wo,Wer,Was,"Asking 'where'"
210,Sentences,build_sentence,"er|an|ruft|seine Freundin",Er ruft seine Freundin an.,,,
211,Pronouns,multiple_choice,"Vertraust du ___?",mir,mich,ich,"vertrauen + Dativ"
212,Modal Verbs,fill_in_blank,"Du ___ dein Zimmer aufräumen.",sollst,soll,solle,"sollen (should, supposed to)"
213,Cases,multiple_choice,"Das Geschenk ist von ___ Tante.",der,die,den,"von + Dativ (A2)"
214,Haben/Sein,fill_in_blank,"Ich ___ gestern Geburtstag.",hatte,war,bin,"Geburtstag haben - Past"
215,Verbs,fill_in_blank,"Der Lehrer ___ die Regel.",erklärt,erkläre,erklären,"erklären (to explain)"
216,Articles,multiple_choice,"Er braucht ___ Hammer.",einen,ein,eine,"der Hammer (masculine)"
217,W-Fragen,fill_in_blank,"___ fängt der Kurs an?",Wann,Wo,Was,"Asking for start time"
218,Sentences,build_sentence,"sie|lädt|zum Essen|ein|uns",Sie lädt uns zum Essen ein.,,,
219,Pronouns,multiple_choice,"Wir folgen ___.",euch,ihr,euer,"folgen + Dativ"
220,Verbs,multiple_choice,"Ich ___ die Blumen.",gieße,gießt,gießen,"gießen (to water)"
221,Cases,fill_in_blank,"Der Brief ist für ___.",dich,dir,du,"für + Akkusativ"
222,Haben/Sein,fill_in_blank,"Du ___ schöne Haare.",hast,bist,haben,"haben (to have)"
223,Verbs,fill_in_blank,"Er ___ oft seine Großeltern.",besucht,besuche,besuchen,"besuchen (to visit)"
224,Articles,multiple_choice,"Sie kommt aus ___ Schweiz.",der,die,den,"aus + Dativ (country with article)"
225,W-Fragen,fill_in_blank,"___ möchten Sie trinken?",Was,Wer,Wie,"Asking 'what' (polite)"
226,Sentences,build_sentence,"ich|soll|einkaufen|gehen",Ich soll einkaufen gehen.,,,
227,Pronouns,multiple_choice,"Ich zeige ___ den Weg.",euch,ihr,euer,"ihr -> euch (dative)"
228,Verbs,multiple_choice,"Der Kuchen ___ gut.",riecht,rieche,riechen,"riechen (to smell)"
229,Cases,fill_in_blank,"Er geht zu ___ Arzt.",dem,den,der,"zu + Dativ (A2)"
230,Haben/Sein,fill_in_blank,"Ihr ___ aber schnell gewachsen!",seid,habt,sind,"sein (to be) - with Perfekt"
231,Verbs,fill_in_blank,"Ich ___ die Suppe.",probiere,probierst,probiert,"probieren (to try/taste)"
232,Articles,multiple_choice,"Ich kaufe ___ Brot.",das,den,der,"das Brot (neuter)"
233,W-Fragen,fill_in_blank,"Auf ___ wartest du?",wen,wem,wer,"warten auf + Akkusativ"
234,Sentences,build_sentence,"hat|er|vergessen|seinen Schlüssel",Er hat seinen Schlüssel vergessen.,,,
235,Pronouns,multiple_choice,"Der Hund gehorcht ___ nicht.",ihm,ihn,er,"gehorchen + Dativ"
236,Verbs,multiple_choice,"Wir ___ den ganzen Tag.",arbeiten,arbeitet,arbeite,"arbeiten (to work)"
237,Cases,fill_in_blank,"Sie sitzt auf ___ Stuhl.",dem,den,der,"auf + Dativ (location)"
238,Haben/Sein,fill_in_blank,"Ich ___ eine Frage.",habe,bin,hast,"haben (to have)"
239,Verbs,fill_in_blank,"Du ___ mir auf die Nerven.",gehst,gehe,gehen,"jemandem auf die Nerven gehen"
240,Articles,multiple_choice,"Das ist ___ Lösung des Problems.",die,der,das,"die Lösung (feminine)"
241,W-Fragen,fill_in_blank,"___ Sprache sprichst du?",Welche,Was,Wie,"Asking 'which language'"
242,Sentences,build_sentence,"sie|hat|einen Hund|gekauft",Sie hat einen Hund gekauft.,,,
243,Pronouns,multiple_choice,"Ich stimme ___ zu.",dir,dich,du,"zustimmen + Dativ"
244,Modal Verbs,fill_in_blank,"Ich ___ dich morgen besuchen.",will,wollen,willst,"wollen (to want to)"
245,Cases,multiple_choice,"Er läuft durch ___ Park.",den,dem,der,"durch + Akkusativ"
246,Haben/Sein,fill_in_blank,"Er ___ Fieber.",hat,ist,habe,"Fieber haben"
247,Verbs,fill_in_blank,"Ich ___ dir mein Fahrrad.",leihe,leihst,leiht,"leihen (to lend)"
248,Articles,multiple_choice,"Wir fahren in ___ Berge.",die,den,der,"in + Akkusativ (Plural)"
249,W-Fragen,fill_in_blank,"___ hast du das gemacht?",Warum,Wann,Wo,"Asking 'why'"
250,Sentences,build_sentence,"ich|habe|verstanden|nichts",Ich habe nichts verstanden.,,,
251,Verbs,fill_in_blank,"Der Hund ___ laut.",bellt,belle,bellen,"bellen (to bark)"
252,Cases,multiple_choice,"Ich brauche ___ Schere.",eine,einen,ein,"die Schere (feminine)"
253,W-Fragen,fill_in_blank,"___ ist passiert?",Was,Wer,Wie,"Asking 'what happened'"
254,Sentences,build_sentence,"wir|sollen|lernen|mehr",Wir sollen mehr lernen.,,,
255,Pronouns,multiple_choice,"Erinnert ihr ___ an mich?",euch,ihr,euer,"sich erinnern an + Akkusativ"
256,Verbs,multiple_choice,"Sie (she) ___ die Blumen.",mag,mögen,magst,"mögen (to like)"
257,Articles,fill_in_blank,"Er hat ___ blaues Auto.",ein,einen,eine,"das Auto (neuter)"
258,Haben/Sein,fill_in_blank,"Wir ___ keine Zeit.",haben,sind,habt,"haben (to have)"
259,Verbs,fill_in_blank,"Ich ___ um 6 Uhr auf.",wache,wachst,wacht,"aufwachen (to wake up - separable)"
260,Cases,multiple_choice,"Sie geht ohne ___ Mantel.",einen,einem,ein,"ohne + Akkusativ"
261,W-Fragen,fill_in_blank,"Für ___ ist das Geschenk?",wen,wem,wer,"für + Akkusativ"
262,Sentences,build_sentence,"er|hat|vergessen|zu fragen",Er hat vergessen zu fragen.,,,
263,Pronouns,multiple_choice,"Wir warten auf ___.",dich,dir,du,"warten auf + Akkusativ"
264,Verbs,fill_in_blank,"Du ___ immer so laut.",lachst,lache,lacht,"lachen (to laugh)"
265,Articles,multiple_choice,"Ich sitze auf ___ Stuhl.",dem,den,der,"auf + Dativ (location)"
266,Haben/Sein,fill_in_blank,"Ihr ___ fertig.",seid,habt,sind,"sein (to be)"
267,Verbs,multiple_choice,"Er ___ das Fenster.",schließt,schließe,schließen,"schließen (to close)"
268,Cases,fill_in_blank,"Das Kind spielt mit ___ Ball.",dem,den,der,"mit + Dativ (A2)"
269,W-Fragen,fill_in_blank,"___ geht es Ihnen?",Wie,Was,Wer,"Asking 'how are you' (formal)"
270,Sentences,build_sentence,"fängt|der Film|an|bald",Der Film fängt bald an.,,,
271,Pronouns,multiple_choice,"Die Katze gehört ___.",ihr,sie,sich,"sie -> ihr (dative)"
272,Modal Verbs,fill_in_blank,"Wir ___ heute Abend tanzen gehen.",wollen,will,wollt,"wollen (to want to)"
273,Articles,fill_in_blank,"Sie kommt aus ___ USA (pl).",den,die,der,"aus + Dativ (plural country)"
274,Haben/Sein,multiple_choice,"Du ___ eine tolle Idee!",hast,bist,haben,"haben (to have)"
275,Verbs,fill_in_blank,"Ich ___ die Prüfung.",bestehe,bestehst,besteht,"bestehen (to pass an exam)"
276,Cases,multiple_choice,"Er fährt gegen ___ Baum.",den,dem,der,"gegen + Akkusativ"
277,W-Fragen,fill_in_blank,"___ oft gehst du ins Fitnessstudio?",Wie,Was,Wann,"Asking 'how often'"
278,Sentences,build_sentence,"hat|er|angerufen|dich|?",Hat er dich angerufen?,,,
279,Pronouns,multiple_choice,"Ich bin böse auf ___.",dich,dir,du,"böse sein auf + Akkusativ"
280,Verbs,multiple_choice,"Ihr ___ mir nicht zu.",hört,höre,hören,"zuhören (to listen to - separable)"
281,Articles,fill_in_blank,"Ich lege den Teppich auf ___ Boden.",den,dem,der,"auf + Akkusativ (destination)"
282,Haben/Sein,fill_in_blank,"Wir ___ im Stau.",sind,haben,seid,"im Stau sein (to be in a traffic jam)"
283,Verbs,fill_in_blank,"Sie (she) ___ ihr Fahrrad.",repariert,repariere,reparieren,"reparieren (to repair)"
284,Cases,multiple_choice,"Ich warte auf ___ Bus.",den,dem,der,"warten auf + Akkusativ"
285,W-Fragen,fill_in_blank,"___ kostet eine Fahrkarte?",Wie viel,Was,Wie,"Asking for price"
286,Sentences,build_sentence,"müssen|wir|jetzt|gehen",Wir müssen jetzt gehen.,,,
287,Pronouns,multiple_choice,"Interessierst du dich für ___?",mich,mir,ich,"sich interessieren für + Akkusativ"
288,Verbs,fill_in_blank,"Ich ___ dir die Wahrheit.",sage,sagst,sagt,"sagen (to say)"
289,Articles,multiple_choice,"Das Bild hängt an ___ Wand.",der,die,den,"an + Dativ (location)"
290,Haben/Sein,fill_in_blank,"Du ___ so blass.",bist,hast,sein,"sein (to be)"
291,Verbs,multiple_choice,"Er ___ die Tür auf.",schließt,schließe,schließen,"aufschließen (to unlock)"
292,Cases,fill_in_blank,"Sie geht durch ___ Tür.",die,der,dem,"durch + Akkusativ"
293,W-Fragen,fill_in_blank,"Mit ___ gehst du ins Kino?",wem,wen,wer,"mit + Dativ"
294,Sentences,build_sentence,"ich|dich|ab|hole|später",Ich hole dich später ab.,,,
295,Pronouns,multiple_choice,"Das ist nett von ___.",dir,dich,du,"von + Dativ"
296,Verbs,fill_in_blank,"Wir ___ eine Lösung.",finden,findet,finde,"finden (to find)"
297,Articles,multiple_choice,"Er wohnt bei ___ Eltern.",den,die,der,"bei + Dativ (Plural)"
298,Haben/Sein,fill_in_blank,"Ihr ___ Glück im Unglück.",habt,seid,haben,"Glück haben"
299,Verbs,multiple_choice,"Du ___ mir.",fehlst,fehle,fehlen,"fehlen (to be missing)"
300,Cases,fill_in_blank,"Ich denke an ___ Sommer.",den,der,dem,"denken an + Akkusativ"
301,Verbs,fill_in_blank,"Ich ___ das Fenster.",putze,putzt,putzen,"putzen (to clean)"
302,Articles,multiple_choice,"Sie hat ___ roten Pullover an.",einen,ein,einem,"der Pullover (masculine)"
303,Sentences,build_sentence,"er|hat|sein Handy|verloren",Er hat sein Handy verloren.,,,
304,Haben/Sein,fill_in_blank,"Er ___ einen Termin um 10 Uhr.",hat,ist,habe,"haben (to have)"
305,W-Fragen,multiple_choice,"___ ist deine Telefonnummer?",Wie,Was,Welche,"Asking for a phone number"
306,Pronouns,fill_in_blank,"Wir freuen uns auf ___.",euch,ihr,euer,"sich freuen auf + Akkusativ"
307,Verbs,fill_in_blank,"Wir ___ am See.",sitzen,sitzt,sitze,"sitzen (to sit)"
308,Cases,multiple_choice,"Das Auto fährt gegen ___ Wand.",die,der,den,"die Wand (feminine)"
309,Modal Verbs,fill_in_blank,"Ich ___ dir helfen.",möchte,mag,muss,"möchten (would like to)"
310,Haben/Sein,multiple_choice,"___ du einen Moment Zeit?",Hast,Bist,Habe,"Zeit haben"
311,Verbs,multiple_choice,"Ich ___ die Rechnung.",bezahle,bezahlst,bezahlt,"bezahlen (to pay)"
312,Articles,fill_in_blank,"Das ist ___ Freund von mir.",ein,einen,eine,"der Freund (Nominative)"
313,W-Fragen,fill_in_blank,"___ Thema interessiert dich?",Welches,Was,Wie,"Asking 'which topic'"
314,Sentences,build_sentence,"sie|mit|bringt|ihre Freundin",Sie bringt ihre Freundin mit.,,,
315,Pronouns,multiple_choice,"Er ist verliebt in ___.",sie,ihr,sich,"verliebt sein in + Akkusativ"
316,Verbs,fill_in_blank,"Er ___ die Treppe hinunter.",fällt,falle,fallen,"fallen (to fall - irregular)"
317,Cases,multiple_choice,"Wir sprechen über ___ Problem.",das,den,dem,"das Problem (neuter)"
318,Haben/Sein,fill_in_blank,"Du ___ mein bester Freund.",bist,hast,habe,"sein (to be)"
319,Verbs,multiple_choice,"Ihr ___ den Text.",übersetzt,übersetze,übersetzen,"übersetzen (to translate)"
320,Articles,fill_in_blank,"Er kommt aus ___ Türkei.",der,die,den,"aus + Dativ (country with article)"
321,W-Fragen,multiple_choice,"___ Tag ist heute?",Welcher,Was,Wie,"Asking 'which day'"
322,Sentences,build_sentence,"ich|habe|verstanden|die Frage|nicht",Ich habe die Frage nicht verstanden.,,,
323,Pronouns,fill_in_blank,"Wir kümmern uns um ___.",ihn,er,ihm,"sich kümmern um + Akkusativ"
324,Verbs,fill_in_blank,"Ich ___ eine E-Mail.",erwarte,erwartest,erwartet,"erwarten (to expect)"
325,Cases,multiple_choice,"Sie geht zu ___ Bäckerei.",der,die,den,"zu + Dativ"
326,Haben/Sein,fill_in_blank,"Ich ___ im falschen Film.",bin,habe,werde,"sein (to be)"
327,Verbs,multiple_choice,"Du ___ eine Jacke.",trägst,trage,tragen,"tragen (to wear - irregular)"
328,Articles,fill_in_blank,"Der Hund liegt unter ___ Tisch.",dem,den,der,"unter + Dativ (location)"
329,W-Fragen,fill_in_blank,"___ kommt als Nächstes?",Was,Wer,Wie,"Asking 'what's next'"
330,Sentences,build_sentence,"wollen|ins Kino|gehen|sie",Sie wollen ins Kino gehen.,,,
331,Pronouns,multiple_choice,"Ich bin stolz auf ___.",dich,dir,du,"stolz sein auf + Akkusativ"
332,Verbs,fill_in_blank,"Wir ___ den Zug.",verpassen,verpasst,verpasse,"verpassen (to miss)"
333,Cases,multiple_choice,"Er stellt das Glas neben ___ Flasche.",die,der,den,"neben + Akkusativ (destination)"
334,Haben/Sein,fill_in_blank,"Ihr ___ wirklich nett.",seid,habt,sind,"sein (to be)"
335,Verbs,multiple_choice,"Ich ___ dir Bescheid.",gebe,gibst,gibt,"Bescheid geben"
336,Articles,fill_in_blank,"Sie hat ___ interessante Frage.",eine,einen,ein,"die Frage (feminine)"
337,W-Fragen,fill_in_blank,"___ ist der Unterschied?",Was,Wie,Wo,"Asking 'what is the difference'"
338,Sentences,build_sentence,"er|hat|mir|geholfen",Er hat mir geholfen.,,,
339,Pronouns,multiple_choice,"Die Verantwortung liegt bei ___.",dir,dich,du,"bei + Dativ"
340,Verbs,fill_in_blank,"Du ___ die Pflanze.",gießt,gieße,gießen,"gießen (to water)"
341,Cases,multiple_choice,"Wir fahren an ___ See.",den,dem,der,"an + Akkusativ (destination)"
342,Haben/Sein,fill_in_blank,"Du ___ einen Vogel!",hast,bist,haben,"einen Vogel haben (to be crazy)"
343,Verbs,multiple_choice,"Er ___ das Auto.",wäscht,wasche,waschen,"waschen (to wash - irregular)"
344,Articles,fill_in_blank,"Das Buch liegt auf ___ Schreibtisch.",dem,den,der,"auf + Dativ (location)"
345,W-Fragen,fill_in_blank,"___ ist dein Lieblingssänger?",Wer,Was,Wie,"Asking 'who'"
346,Sentences,build_sentence,"kannst|du|wiederholen|das|bitte",Kannst du das bitte wiederholen?,,,
347,Pronouns,multiple_choice,"Die Entscheidung hängt von ___ ab.",dir,dich,du,"abhängen von + Dativ"
348,Modal Verbs,fill_in_blank,"Ihr ___ nicht so schnell fahren.",sollt,sollen,soll,"sollen (should)"
349,Cases,multiple_choice,"Sie hängt das Bild an ___ Wand.",die,der,den,"an + Akkusativ (destination)"
350,Haben/Sein,fill_in_blank,"Ich ___ eine Idee!",habe,bin,hatte,"haben (to have)"
351,Verbs,fill_in_blank,"Ich ___ meinen Geburtstag.",feiere,feierst,feiert,"feiern (to celebrate)"
352,Articles,multiple_choice,"Er kauft ___ Blumen für seine Frau.",die,den,der,"die Blumen (plural) - Akkusativ"
353,W-Fragen,fill_in_blank,"___ Bushaltestelle ist die nächste?",Welche,Was,Wie,"Asking 'which'"
354,Sentences,build_sentence,"hat|sie|bestanden|die Prüfung",Sie hat die Prüfung bestanden.,,,
355,Pronouns,multiple_choice,"Ärgerst du dich über ___?",mich,mir,ich,"sich ärgern über + Akkusativ"
356,Verbs,multiple_choice,"Wir ___ über das Wetter.",reden,redet,rede,"reden (to talk)"
357,Cases,fill_in_blank,"Das Kind versteckt sich hinter ___ Baum.",dem,den,der,"hinter + Dativ (location)"
358,Haben/Sein,fill_in_blank,"Ihr ___ in der Schule.",seid,habt,sind,"sein (to be)"
359,Verbs,fill_in_blank,"Du ___ mir ein Rätsel.",gibst,gebe,geben,"ein Rätsel aufgeben"
360,Articles,multiple_choice,"Ich habe ___ Termin beim Arzt.",einen,ein,eine,"der Termin (masculine)"
361,W-Fragen,fill_in_blank,"___ fährst du in den Urlaub?",Wohin,Wo,Woher,"Asking for destination"
362,Sentences,build_sentence,"ich|auf|freue mich|den Sommer",Ich freue mich auf den Sommer.,,,
363,Pronouns,multiple_choice,"Das Lied erinnert mich an ___.",dich,dir,du,"erinnern an + Akkusativ"
364,Verbs,multiple_choice,"Er ___ das Spiel.",gewinnt,gewinne,gewinnen,"gewinnen (to win)"
365,Cases,fill_in_blank,"Die Katze springt auf ___ Stuhl.",den,dem,der,"auf + Akkusativ (destination)"
366,Haben/Sein,fill_in_blank,"Du ___ wunderschön.",bist,hast,habe,"sein (to be)"
367,Verbs,fill_in_blank,"Ich ___ dir eine Geschichte.",erzähle,erzählst,erzählt,"erzählen (to tell)"
368,Articles,multiple_choice,"Wir sitzen vor ___ Fernseher.",dem,den,der,"vor + Dativ (location)"
369,W-Fragen,fill_in_blank,"___ hat das gesagt?",Wer,Was,Wie,"Asking 'who'"
370,Sentences,build_sentence,"du|sollst|anrufen|deine Mutter",Du sollst deine Mutter anrufen.,,,
371,Pronouns,multiple_choice,"Er kümmert sich um ___.",uns,wir,unser,"sich kümmern um + Akkusativ"
372,Modal Verbs,fill_in_blank,"Sie ___ sehr gut singen.",kann,können,kannst,"können (can)"
373,Cases,multiple_choice,"Er geht an ___ Supermarkt vorbei.",dem,den,der,"an + Dativ (location)"
374,Haben/Sein,fill_in_blank,"Ich ___ eine Bitte.",habe,bin,hast,"eine Bitte haben"
375,Verbs,fill_in_blank,"Du ___ mir ähnlich.",siehst,sehe,sehen,"ähnlich sehen + Dativ"
376,Articles,multiple_choice,"Er hat ___ Bruder und ___ Schwester.",einen, eine,ein, eine,"masculine and feminine objects"
377,W-Fragen,fill_in_blank,"___ Uhr ist es?",Wie viel,Was,Wie,"Asking for the time"
378,Sentences,build_sentence,"ich|habe|getroffen|einen Freund",Ich habe einen Freund getroffen.,,,
379,Pronouns,multiple_choice,"Ich habe Angst vor ___.",ihm,ihn,er,"Angst haben vor + Dativ"
380,Verbs,fill_in_blank,"Ihr ___ die Lösung.",wisst,wissen,wisse,"wissen (to know)"
381,Cases,multiple_choice,"Das Flugzeug fliegt über ___ Stadt.",die,der,den,"über + Akkusativ (destination)"
382,Haben/Sein,fill_in_blank,"Wir ___ auf dem Weg.",sind,haben,seid,"sein (to be)"
383,Verbs,fill_in_blank,"Er ___ sein Wort.",bricht,breche,brechen,"brechen (to break - irregular)"
384,Articles,multiple_choice,"Das Handy liegt zwischen ___ Büchern.",den,die,der,"zwischen + Dativ (Plural)"
385,W-Fragen,fill_in_blank,"___ denkst du darüber?",Was,Wie,Wer,"Asking 'what do you think'"
386,Sentences,build_sentence,"es|regnet|heute",Es regnet heute.,,,
387,Pronouns,multiple_choice,"Sie träumt von ___.",dir,dich,du,"träumen von + Dativ"
388,Verbs,fill_in_blank,"Ich ___ die Einladung an.",nehme,nimmst,nimmt,"annehmen (to accept - separable)"
389,Cases,multiple_choice,"Er kommt aus ___ Iran.",dem,den,der,"aus + Dativ (country with article)"
390,Haben/Sein,fill_in_blank,"Du ___ eine gute Köchin.",bist,hast,haben,"sein (to be)"
391,Verbs,fill_in_blank,"Sie (she) ___ mir zu.",hört,höre,hören,"zuhören (to listen to - separable)"
392,Articles,multiple_choice,"Ich stelle die Blumen in ___ Vase.",die,der,dem,"die Vase (feminine)"
393,W-Fragen,fill_in_blank,"___ hast du das gehört?",Von wem,Von wen,Wer,"Asking 'from whom'"
394,Sentences,build_sentence,"ich|muss|meine Hausaufgaben|machen",Ich muss meine Hausaufgaben machen.,,,
395,Pronouns,multiple_choice,"Wir sind ___ dankbar.",euch,ihr,euer,"dankbar sein + Dativ"
396,Verbs,fill_in_blank,"Er ___ die Flasche.",öffnet,öffne,öffnen,"öffnen (to open)"
397,Cases,multiple_choice,"Das Restaurant ist neben ___ Post.",der,die,dem,"neben + Dativ (location)"
398,Haben/Sein,fill_in_blank,"Ihr ___ so viel Energie.",habt,seid,sind,"haben (to have)"
399,Verbs,fill_in_blank,"Ich ___ den Film.",empfehle,empfiehlst,empfehlt,"empfehlen (to recommend - irregular)"
400,Articles,multiple_choice,"Sie hat ___ schönes Kleid an.",ein,einen,eine,"das Kleid (neuter)"
401,W-Fragen,fill_in_blank,"___ ist das Problem?",Was,Wer,Wie,"Asking 'what is the problem'"
402,Sentences,build_sentence,"hast|du|Zeit|morgen|?",Hast du morgen Zeit?,,,
403,Pronouns,multiple_choice,"Ich spreche mit ___.",ihr,sie,sich,"mit + Dativ"
404,Verbs,fill_in_blank,"Du ___ die Straße.",überquerst,überquere,überqueren,"überqueren (to cross)"
405,Cases,multiple_choice,"Er fährt ohne ___ Führerschein.",einen,einem,ein,"der Führerschein (masculine)"
406,Haben/Sein,fill_in_blank,"Ich ___ am Telefon.",bin,habe,werde,"sein (to be)"
407,Verbs,multiple_choice,"Wir ___ das Museum.",besichtigen,besichtigt,besichtige,"besichtigen (to visit a place)"
408,Articles,fill_in_blank,"Das Essen steht auf ___ Tisch.",dem,den,der,"auf + Dativ (location)"
409,W-Fragen,fill_in_blank,"___ soll ich tun?",Was,Wie,Wer,"Asking 'what should I do'"
410,Sentences,build_sentence,"er|muss|sich|beeilen",Er muss sich beeilen.,,,
411,Pronouns,multiple_choice,"Ich warte auf ___.",Sie,Ihnen,Ihr,"warten auf + Akkusativ (formal)"
412,Modal Verbs,fill_in_blank,"Er ___ nicht schwimmen.",kann,können,kannst,"können (can)"
413,Cases,multiple_choice,"Die Kinder spielen in ___ Garten.",dem,den,der,"in + Dativ (location)"
414,Haben/Sein,fill_in_blank,"Du ___ schönes Wetter bestellt.",hast,bist,haben,"Perfekt tense"
415,Verbs,fill_in_blank,"Ich ___ dir die Tür auf.",halte,hältst,hält,"aufhalten (to hold open - separable)"
416,Articles,multiple_choice,"Sie sucht nach ___ Lösung.",einer,eine,einen,"nach + Dativ"
417,W-Fragen,fill_in_blank,"___ bist du so glücklich?",Warum,Wann,Wo,"Asking 'why'"
418,Sentences,build_sentence,"ich|habe|bezahlt|die Rechnung",Ich habe die Rechnung bezahlt.,,,
419,Pronouns,multiple_choice,"Glaubst du an ___?",mich,mir,ich,"glauben an + Akkusativ"
420,Verbs,fill_in_blank,"Ihr ___ das Lied mit.",singt,singe,singen,"mitsingen (to sing along - separable)"
421,Cases,multiple_choice,"Das Buch ist von ___ berühmten Autor.",einem,einen,ein,"von + Dativ"
422,Haben/Sein,fill_in_blank,"Wir ___ eine tolle Zeit.",haben,sind,seid,"eine tolle Zeit haben"
423,Verbs,fill_in_blank,"Er ___ die Suppe um.",rührt,rühre,rühren,"umrühren (to stir - separable)"
424,Articles,multiple_choice,"Das liegt an ___ Wetter.",dem,den,das,"an + Dativ"
425,W-Fragen,fill_in_blank,"Zu ___ Arzt gehst du?",welchem,welchen,welcher,"Asking 'to which doctor'"
426,Sentences,build_sentence,"kannst|du|das Fenster|schließen|bitte",Kannst du bitte das Fenster schließen?,,,
427,Pronouns,multiple_choice,"Ich beteilige mich an ___ Diskussion.",der,die,den,"sich beteiligen an + Dativ"
428,Verbs,fill_in_blank,"Du ___ die Prüfung nicht.",fürchtest,fürchte,fürchten,"fürchten (to fear)"
429,Cases,multiple_choice,"Er arbeitet bei ___ großen Firma.",einer,eine,einen,"bei + Dativ"
430,Haben/Sein,fill_in_blank,"Ihr ___ auf der sicheren Seite.",seid,habt,sind,"sein (to be)"
431,Verbs,fill_in_blank,"Ich ___ das nicht.",glaube,glaubst,glaubt,"glauben (to believe)"
432,Articles,multiple_choice,"Wir gehen um ___ See spazieren.",den,dem,der,"um + Akkusativ"
433,W-Fragen,fill_in_blank,"___ steht auf dem Programm?",Was,Wer,Wie,"Asking 'what's on the agenda'"
434,Sentences,build_sentence,"er|hat|sich|verletzt|am Fuß",Er hat sich am Fuß verletzt.,,,
435,Pronouns,multiple_choice,"Sie zweifelt an ___.",dir,dich,du,"zweifeln an + Dativ"
436,Verbs,fill_in_blank,"Wir ___ den Sonnenuntergang.",genießen,genießt,genieße,"genießen (to enjoy)"
437,Cases,multiple_choice,"Das Büro ist über ___ Wohnung.",der,die,dem,"über + Dativ (location)"
438,Haben/Sein,fill_in_blank,"Ich ___ es eilig.",habe,bin,hast,"es eilig haben (to be in a hurry)"
439,Verbs,fill_in_blank,"Du ___ das Licht aus.",machst,mache,machen,"ausmachen (to turn off - separable)"
440,Articles,multiple_choice,"Er erinnert sich an ___ Tag.",den,dem,der,"sich erinnern an + Akkusativ"
441,W-Fragen,fill_in_blank,"___ Bus fährt zum Bahnhof?",Welcher,Welchen,Welchem,"Asking 'which bus'"
442,Sentences,build_sentence,"ich|möchte|werden|Arzt",Ich möchte Arzt werden.,,,
443,Pronouns,multiple_choice,"Das ist eine Überraschung für ___.",uns,wir,unser,"für + Akkusativ"
444,Modal Verbs,fill_in_blank,"Du ___ nicht lügen.",darfst,kannst,sollst,"sollen (should)"
445,Cases,multiple_choice,"Er wartet vor ___ Kino.",dem,den,das,"vor + Dativ (location)"
446,Haben/Sein,fill_in_blank,"Ihr ___ spät dran.",seid,habt,sind,"spät dran sein (to be late)"
447,Verbs,fill_in_blank,"Ich ___ dir zu.",stimme,stimmst,stimmt,"zustimmen (to agree with)"
448,Articles,multiple_choice,"Sie hat Angst vor ___ Prüfung.",der,die,den,"vor + Dativ"
449,W-Fragen,fill_in_blank,"___ hast du das Buch gelegt?",Wohin,Wo,Woher,"Asking for destination (wohin)"
450,Sentences,build_sentence,"sie|hat|versucht|anzurufen|mich",Sie hat versucht, mich anzurufen.,,,
451,Pronouns,multiple_choice,"Das hängt von ___ ab.",euch,ihr,euer,"abhängen von + Dativ"
452,Verbs,fill_in_blank,"Er ___ die Zeitung.",abonniert,abonniere,abonnieren,"abonnieren (to subscribe to)"
453,Cases,multiple_choice,"Das ist die Meinung ___ Experten.",des,den,dem,"Genitiv (A2/B1)"
454,Haben/Sein,fill_in_blank,"Ich ___ im Bilde.",bin,habe,werde,"im Bilde sein (to be informed)"
455,Verbs,fill_in_blank,"Du ___ die Suppe.",versalzt,versalze,salzen,"versalzen (to oversalt)"
456,Articles,multiple_choice,"Er protestiert gegen ___ Entscheidung.",die,der,den,"gegen + Akkusativ"
457,W-Fragen,fill_in_blank,"Über ___ lacht ihr?",was,wem,wen,"lachen über + Akkusativ"
458,Sentences,build_sentence,"ich|habe|bezahlt|mit Karte",Ich habe mit Karte bezahlt.,,,
459,Pronouns,multiple_choice,"Ich verlasse mich auf ___.",dich,dir,du,"sich verlassen auf + Akkusativ"
460,Verbs,fill_in_blank,"Ihr ___ das Problem.",löst,löse,lösen,"lösen (to solve)"
461,Cases,multiple_choice,"Sie kämpft für ___ Rechte.",die,den,der,"für + Akkusativ (Plural)"
462,Haben/Sein,fill_in_blank,"Wir ___ dasselbe Problem.",haben,sind,seid,"haben (to have)"
463,Verbs,fill_in_blank,"Er ___ seine Meinung.",ändert,ändere,ändern,"ändern (to change)"
464,Articles,multiple_choice,"Ich bin mit ___ Plan einverstanden.",dem,den,der,"mit + Dativ"
465,W-Fragen,fill_in_blank,"Wofür ___ du dich?",interessierst,interessiere,interessieren,"sich interessieren für"
466,Sentences,build_sentence,"sie|hat|sich|erkältet",Sie hat sich erkältet.,,,
467,Pronouns,multiple_choice,"Das Konzert gefällt ___.",mir,mich,ich,"gefallen + Dativ"
468,Modal Verbs,fill_in_blank,"Man ___ das nicht essen.",kann,darf,muss,"können (can)"
469,Cases,multiple_choice,"Die Katze liegt unter ___ Decke.",der,die,den,"unter + Dativ (location)"
470,Haben/Sein,fill_in_blank,"Du ___ an der Reihe.",bist,hast,haben,"an der Reihe sein (to be one's turn)"
471,Verbs,fill_in_blank,"Ich ___ dir etwas.",schulde,schuldest,schuldet,"schulden (to owe)"
472,Articles,multiple_choice,"Wir fahren durch ___ Tunnel.",den,dem,der,"durch + Akkusativ"
473,W-Fragen,fill_in_blank,"___ geht die Reise?",Wohin,Wo,Woher,"Asking for destination"
474,Sentences,build_sentence,"er|hat|vergessen|einzukaufen",Er hat vergessen einzukaufen.,,,
475,Pronouns,multiple_choice,"Ich sorge für ___.",ihn,er,ihm,"sorgen für + Akkusativ"
476,Verbs,fill_in_blank,"Du ___ die Geschichte.",erfindest,erfinde,erfinden,"erfinden (to invent)"
477,Cases,multiple_choice,"Sie wohnt gegenüber ___ Bahnhof.",dem,den,der,"gegenüber + Dativ"
478,Haben/Sein,fill_in_blank,"Ihr ___ im Stress.",seid,habt,sind,"im Stress sein"
479,Verbs,fill_in_blank,"Ich ___ das Paket ab.",hole,holst,holt,"abholen (to pick up - separable)"
480,Articles,multiple_choice,"Er hat ___ starken Willen.",einen,ein,eine,"der Wille (masculine)"
481,W-Fragen,fill_in_blank,"Womit ___ du?",schreibst,schreibe,schreiben,"Asking 'with what'"
482,Sentences,build_sentence,"ich|lerne|weil|ich|will|eine Prüfung bestehen",Ich lerne, weil ich eine Prüfung bestehen will.,,,
483,Pronouns,multiple_choice,"Die Schuhe passen ___ nicht.",mir,mich,ich,"passen + Dativ"
484,Verbs,fill_in_blank,"Wir ___ eine Pause.",brauchen,braucht,brauche,"brauchen (to need)"
485,Cases,multiple_choice,"Das ist außerhalb ___ Stadt.",der,die,den,"außerhalb + Genitiv (A2/B1)"
486,Haben/Sein,fill_in_blank,"Ich ___ die Nase voll.",habe,bin,hast,"die Nase voll haben (to be fed up)"
487,Verbs,fill_in_blank,"Er ___ die Einladung ab.",lehnt,lehne,lehnen,"ablehnen (to decline)"
488,Articles,multiple_choice,"Sie geht in ___ Bibliothek.",die,der,den,"in + Akkusativ (destination)"
489,W-Fragen,fill_in_blank,"Wovon ___ du?",sprichst,spreche,sprechen,"sprechen von + Dativ"
490,Sentences,build_sentence,"er|ist|geworden|ein guter Lehrer",Er ist ein guter Lehrer geworden.,,,
491,Pronouns,multiple_choice,"Die Ehre gebührt ___.",Ihnen,Sie,Ihr,"gebühren + Dativ (formal)"
492,Modal Verbs,fill_in_blank,"Ich ___ heute Abend nicht ausgehen.",mag,möchte,will,"mögen (to feel like)"
493,Cases,multiple_choice,"Er stellt den Stuhl an ___ Tisch.",den,dem,der,"an + Akkusativ (destination)"
494,Haben/Sein,fill_in_blank,"Du ___ einen Kater.",hast,bist,haben,"einen Kater haben (to have a hangover)"
495,Verbs,fill_in_blank,"Ich ___ meine Meinung.",verteidige,verteidigst,verteidigt,"verteidigen (to defend)"
496,Articles,multiple_choice,"Das Spielzeug gehört ___ Kind.",dem,das,den,"das Kind (Dativ)"
497,W-Fragen,fill_in_blank,"Worüber ___ du dich?",ärgerst,ärgere,ärgern,"sich ärgern über + Akkusativ"
498,Sentences,build_sentence,"ich|habe|geschlafen|gut",Ich habe gut geschlafen.,,,
499,Pronouns,multiple_choice,"Ich erzähle ___ eine Geschichte.",euch,ihr,euer,"ihr -> euch (dative)"
500,Verbs,fill_in_blank,"Ihr ___ die Regeln.",brecht,breche,brechen,"brechen (to break)"
501,Verbs,fill_in_blank,"Der Koch ___ das Essen.",kocht,koche,kochen,"kochen (to cook)"
502,Cases,multiple_choice,"Ich warte auf ___ Antwort.",eine,einen,ein,"die Antwort (feminine)"
503,W-Fragen,fill_in_blank,"___ hast du das getan?",Warum,Wann,Wer,"Asking 'why'"
504,Sentences,build_sentence,"sie|hat|einen Brief|geschrieben",Sie hat einen Brief geschrieben.,,,
505,Pronouns,multiple_choice,"Ich bin mit ___ einverstanden.",dir,dich,du,"einverstanden sein mit + Dativ"
506,Verbs,multiple_choice,"Wir ___ unsere Oma.",besuchen,besucht,besuche,"besuchen (to visit)"
507,Articles,fill_in_blank,"Er liest ___ spannendes Buch.",ein,einen,eine,"das Buch (neuter)"
508,Haben/Sein,fill_in_blank,"Ihr ___ nicht allein.",seid,habt,sind,"sein (to be)"
509,Verbs,fill_in_blank,"Du ___ dein Versprechen.",hältst,halte,halten,"halten (to keep - irregular)"
510,Cases,multiple_choice,"Das Auto gehört ___ Nachbarn.",dem,den,der,"der Nachbar (Dativ)"
511,W-Fragen,fill_in_blank,"___ ist der Plan?",Was,Wer,Wie,"Asking 'what is the plan'"
512,Sentences,build_sentence,"ich|will|lernen|Deutsch|sprechen",Ich will lernen, Deutsch zu sprechen.,,,
513,Pronouns,multiple_choice,"Die Tasche gehört ___.",mir,mich,ich,"gehören + Dativ"
514,Verbs,fill_in_blank,"Er ___ die Einladung an.",nimmt,nehme,nehmen,"annehmen (to accept - separable)"
515,Articles,multiple_choice,"Ich lege das Kissen auf ___ Sofa.",das,den,dem,"das Sofa (Akkusativ)"
516,Haben/Sein,fill_in_blank,"Ich ___ eine Schwester.",habe,bin,hat,"haben (to have)"
517,Verbs,fill_in_blank,"Ihr ___ die Blumen.",gießt,gieße,gießen,"gießen (to water)"
518,Cases,multiple_choice,"Er denkt an ___ Zukunft.",die,der,den,"die Zukunft (feminine)"
519,W-Fragen,fill_in_blank,"___ weit ist es bis zum Bahnhof?",Wie,Was,Wo,"Asking for distance"
520,Sentences,build_sentence,"er|hat|vergessen|seinen Regenschirm",Er hat seinen Regenschirm vergessen.,,,
521,Pronouns,multiple_choice,"Sie hat ___ geholfen.",uns,wir,unser,"helfen + Dativ"
522,Verbs,fill_in_blank,"Ich ___ die Tür.",schließe,schließt,schließen,"schließen (to close)"
523,Articles,multiple_choice,"Wir wohnen in ___ alten Haus.",einem,einen,ein,"das Haus (Dativ)"
524,Haben/Sein,fill_in_blank,"Du ___ ein Genie.",bist,hast,sein,"sein (to be)"
525,Verbs,fill_in_blank,"Sie (she) ___ ihre Schlüssel.",sucht,suche,suchen,"suchen (to search for)"
526,Cases,multiple_choice,"Ich fahre zu ___ Freundin.",meiner,meine,meinem,"zu + Dativ"
527,W-Fragen,fill_in_blank,"___ Datum haben wir heute?",Welches,Was,Wie,"Asking for the date"
528,Sentences,build_sentence,"ich|fern|sehe|jeden Abend",Ich sehe jeden Abend fern.,,,
529,Pronouns,multiple_choice,"Wir sind gegen ___.",ihn,er,ihm,"gegen + Akkusativ"
530,Verbs,fill_in_blank,"Ihr ___ einen Witz.",erzählt,erzähle,erzählen,"erzählen (to tell)"
531,Articles,multiple_choice,"Er geht in ___ Kino.",das,dem,den,"in + Akkusativ"
532,Haben/Sein,fill_in_blank,"Ich ___ im Recht.",bin,habe,bist,"im Recht sein (to be right)"
533,Verbs,fill_in_blank,"Du ___ mir Geld.",schuldest,schulde,schulden,"schulden (to owe)"
534,Cases,multiple_choice,"Das ist die Tasche ___ Frau.",der,die,den,"Genitiv (A2/B1)"
535,W-Fragen,fill_in_blank,"___ beginnt die Vorstellung?",Wann,Wo,Wer,"Asking for start time"
536,Sentences,build_sentence,"sie|hat|bestanden|die Fahrprüfung",Sie hat die Fahrprüfung bestanden.,,,
537,Pronouns,multiple_choice,"Ich freue mich für ___.",dich,dir,du,"sich freuen für + Akkusativ"
538,Verbs,fill_in_blank,"Wir ___ den Müll raus.",bringen,bringt,bringe,"rausbringen (to take out - separable)"
539,Articles,multiple_choice,"Der Vogel sitzt auf ___ Baum.",dem,den,der,"auf + Dativ (location)"
540,Haben/Sein,fill_in_blank,"Ihr ___ sehr talentiert.",seid,habt,sind,"sein (to be)"
541,Verbs,fill_in_blank,"Er ___ seine Jacke an.",zieht,ziehe,ziehen,"anziehen (to put on - separable)"
542,Cases,multiple_choice,"Ich diskutiere nicht über ___ Thema.",dieses,diesem,diesen,"über + Akkusativ"
543,W-Fragen,fill_in_blank,"___ kommt der Lärm?",Woher,Wo,Was,"Asking 'where from'"
544,Sentences,build_sentence,"du|sollst|essen|dein Gemüse",Du sollst dein Gemüse essen.,,,
545,Pronouns,multiple_choice,"Das Geschenk ist von ___.",mir,mich,ich,"von + Dativ"
546,Modal Verbs,fill_in_blank,"Ich ___ das nicht tun.",darf,muss,kann,"dürfen (may, allowed to)"
547,Cases,multiple_choice,"Sie geht zum ___ Friseur.",Friseur,Friseurin,Friseurs,"zu + Dativ"
548,Haben/Sein,fill_in_blank,"Du ___ schöne Augen.",hast,bist,habe,"haben (to have)"
549,Verbs,fill_in_blank,"Ich ___ die Aufgabe.",löse,löst,lösen,"lösen (to solve)"
550,Articles,multiple_choice,"Wir sind gegen ___ Krieg.",den,dem,der,"gegen + Akkusativ"
551,Verbs,fill_in_blank,"Sie (she) ___ ein Lied.",singt,singe,singen,"singen (to sing)"
552,Cases,multiple_choice,"Er gibt ___ Kellnerin einen Tipp.",der,die,den,"die Kellnerin (Dativ)"
553,W-Fragen,fill_in_blank,"___ findest du den Film?",Wie,Was,Wer,"Asking for opinion"
554,Sentences,build_sentence,"ich|habe|gefrühstückt|schon",Ich habe schon gefrühstückt.,,,
555,Pronouns,multiple_choice,"Kannst du ___ vertrauen?",ihm,ihn,er,"vertrauen + Dativ"
556,Verbs,multiple_choice,"Ihr ___ die Wahrheit.",sagt,sage,sagen,"sagen (to say)"
557,Articles,fill_in_blank,"Ich gehe in ___ Supermarkt.",den,dem,der,"in + Akkusativ"
558,Haben/Sein,fill_in_blank,"Wir ___ im selben Boot.",sitzen,sind,haben,"im selben Boot sitzen (to be in the same boat)"
559,Verbs,fill_in_blank,"Du ___ ein Bild an die Wand.",hängst,hänge,hängen,"hängen (to hang - transitive)"
560,Cases,multiple_choice,"Das ist ___ Auto meines Vaters.",das,den,dem,"Genitiv (A2/B1)"
561,W-Fragen,fill_in_blank,"___ hast du das Fahrrad repariert?",Wie,Was,Wann,"Asking 'how'"
562,Sentences,build_sentence,"er|hat|sich|erkundigt|nach dem Weg",Er hat sich nach dem Weg erkundigt.,,,
563,Pronouns,multiple_choice,"Die Verantwortung liegt bei ___.",uns,wir,unser,"bei + Dativ"
564,Verbs,fill_in_blank,"Ich ___ die Tür ab.",schließe,schließt,schließen,"abschließen (to lock)"
565,Articles,multiple_choice,"Sie läuft über ___ Brücke.",die,der,den,"über + Akkusativ"
566,Haben/Sein,fill_in_blank,"Du ___ ein Vorbild.",bist,hast,sein,"sein (to be)"
567,Verbs,fill_in_blank,"Er ___ die Blumen.",pflanzt,pflanze,pflanzen,"pflanzen (to plant)"
568,Cases,multiple_choice,"Der Computer steht auf ___ Schreibtisch.",dem,den,der,"auf + Dativ (location)"
569,W-Fragen,fill_in_blank,"___ ist der Sinn des Lebens?",Was,Wer,Wie,"Asking a philosophical question"
570,Sentences,build_sentence,"ich|muss|anrufen|meinen Chef",Ich muss meinen Chef anrufen.,,,
571,Pronouns,multiple_choice,"Das ist zu schwer für ___.",mich,mir,ich,"für + Akkusativ"
572,Verbs,fill_in_blank,"Ihr ___ um den Preis.",handelt,handle,handeln,"handeln (to bargain)"
573,Articles,multiple_choice,"Wir fahren nach ___ Italien.",null,dem,das,"nach + country (no article)"
574,Haben/Sein,fill_in_blank,"Ich ___ Fernweh.",habe,bin,hast,"Fernweh haben (to have wanderlust)"
575,Verbs,fill_in_blank,"Du ___ dein Handy.",verlierst,verliere,verlieren,"verlieren (to lose)"
576,Cases,multiple_choice,"Sie schreibt an ___ Freundin.",ihre,ihrer,ihren,"an + Akkusativ"
577,W-Fragen,fill_in_blank,"___ Zug fährt nach Hamburg?",Welcher,Welchen,Welchem,"Asking 'which train'"
578,Sentences,build_sentence,"sie|hat|eingeladen|ihre Freunde",Sie hat ihre Freunde eingeladen.,,,
579,Pronouns,multiple_choice,"Ich bin enttäuscht von ___.",dir,dich,du,"enttäuscht sein von + Dativ"
580,Verbs,fill_in_blank,"Wir ___ das Problem.",diskutieren,diskutiert,diskutiere,"diskutieren (to discuss)"
581,Cases,multiple_choice,"Der Ball rollt unter ___ Bett.",das,dem,den,"unter + Akkusativ (motion)"
582,Haben/Sein,fill_in_blank,"Ihr ___ auf dem richtigen Weg.",seid,habt,sind,"sein (to be)"
583,Verbs,fill_in_blank,"Er ___ eine Lüge.",erzählt,erzähle,erzählen,"erzählen (to tell)"
584,Articles,multiple_choice,"Das ist die Hauptstadt von ___ Deutschland.",null,dem,das,"country name (no article)"
585,W-Fragen,fill_in_blank,"___ denkst du?",Was,Wie,Wer,"Asking 'what are you thinking'"
586,Sentences,build_sentence,"es|hat|aufgehört|zu regnen",Es hat aufgehört zu regnen.,,,
587,Pronouns,multiple_choice,"Ich warte auf ___.",euch,ihr,euer,"warten auf + Akkusativ"
588,Modal Verbs,fill_in_blank,"Ich ___ das nicht glauben.",kann,muss,darf,"können (can)"
589,Cases,multiple_choice,"Die Lampe hängt über ___ Tisch.",dem,den,der,"über + Dativ (location)"
590,Haben/Sein,fill_in_blank,"Du ___ eine starke Persönlichkeit.",hast,bist,haben,"haben (to have)"
591,Verbs,fill_in_blank,"Ich ___ dir die Richtung.",zeige,zeigst,zeigt,"zeigen (to show)"
592,Articles,multiple_choice,"Er ist Mitglied in ___ Verein.",einem,einen,ein,"in + Dativ"
593,W-Fragen,fill_in_blank,"___ hast du das erfahren?",Woher,Wovon,Von wem,"Asking 'from whom'"
594,Sentences,build_sentence,"sie|will|verbessern|ihr Deutsch",Sie will ihr Deutsch verbessern.,,,
595,Pronouns,multiple_choice,"Die Entscheidung liegt bei ___.",dir,dich,du,"bei + Dativ"
596,Verbs,fill_in_blank,"Ihr ___ die Geschenke aus.",packt,packe,packen,"auspacken (to unpack/unwrap - separable)"
597,Cases,multiple_choice,"Ich bin für ___ Vorschlag.",den,dem,der,"für + Akkusativ"
598,Haben/Sein,fill_in_blank,"Wir ___ es geschafft!",haben,sind,seid,"es geschafft haben (to have managed it)"
599,Verbs,fill_in_blank,"Du ___ die Frage.",beantwortest,beantworte,beantworten,"beantworten (to answer)"
600,Articles,multiple_choice,"Sie arbeitet in ___ Büro.",einem,einen,ein,"in + Dativ"
601,Verbs,fill_in_blank,"Ich ___ eine Reservierung.",mache,machst,macht,"machen (to make)"
602,Cases,multiple_choice,"Er ist der Bruder ___ Freundin.",meiner,meine,meinem,"Genitiv (A2/B1)"
603,W-Fragen,fill_in_blank,"___ geht es dir heute?",Wie,Was,Wer,"Asking 'how are you' (informal)"
604,Sentences,build_sentence,"er|hat|sich|gewaschen|die Hände",Er hat sich die Hände gewaschen.,,,
605,Pronouns,multiple_choice,"Ich helfe ___ gern.",dir,dich,du,"helfen + Dativ"
606,Verbs,multiple_choice,"Wir ___ das Spiel.",verlieren,verliert,verliere,"verlieren (to lose)"
607,Articles,fill_in_blank,"Das ist ___ schöner Tag.",ein,einen,eine,"der Tag (Nominative)"
608,Haben/Sein,fill_in_blank,"Ihr ___ im Irrtum.",seid,habt,sind,"im Irrtum sein (to be mistaken)"
609,Verbs,fill_in_blank,"Du ___ die Suppe.",rührst,rühre,rühren,"rühren (to stir)"
610,Cases,multiple_choice,"Der Schlüssel passt zu ___ Tür.",dieser,diese,dieses,"zu + Dativ"
611,W-Fragen,fill_in_blank,"___ hast du das Buch hingelegt?",Wohin,Wo,Was,"Asking for destination (wohin)"
612,Sentences,build_sentence,"ich|habe|vergessen|dich anzurufen",Ich habe vergessen, dich anzurufen.,,,
613,Pronouns,multiple_choice,"Sie ist böse auf ___.",ihn,er,ihm,"böse sein auf + Akkusativ"
614,Verbs,fill_in_blank,"Er ___ sein Zimmer auf.",räumt,räume,räumen,"aufräumen (to tidy up - separable)"
615,Articles,multiple_choice,"Wir gehen durch ___ Wald.",den,dem,der,"durch + Akkusativ"
616,Haben/Sein,fill_in_blank,"Ich ___ Kopfschmerzen.",habe,bin,hast,"Kopfschmerzen haben (to have a headache)"
617,Verbs,fill_in_blank,"Ihr ___ die Wäsche.",wascht,wasche,waschen,"waschen (to wash)"
618,Cases,multiple_choice,"Sie wartet an ___ Haltestelle.",der,die,den,"an + Dativ (location)"
619,W-Fragen,fill_in_blank,"___ ist dein Lieblingsfilm?",Was,Wer,Welcher,"Asking 'what'"
620,Sentences,build_sentence,"er|muss|lernen|für die Prüfung",Er muss für die Prüfung lernen.,,,
621,Pronouns,multiple_choice,"Ich bin froh über ___.",euch,ihr,euer,"froh sein über + Akkusativ"
622,Verbs,fill_in_blank,"Ich ___ das nicht.",erlaube,erlaubst,erlaubt,"erlauben (to allow)"
623,Articles,multiple_choice,"Das Foto hängt an ___ Wand.",der,die,den,"an + Dativ (location)"
624,Haben/Sein,fill_in_blank,"Du ___ eine gute Figur.",hast,bist,haben,"eine gute Figur haben (to have a good figure)"
625,Verbs,fill_in_blank,"Sie (she) ___ die Zeitung.",liest,lese,lesen,"lesen (to read - irregular)"
626,Cases,multiple_choice,"Er ist verliebt in ___ Kollegin.",seine,seiner,seinen,"in + Akkusativ"
627,W-Fragen,fill_in_blank,"___ Straße müssen wir nehmen?",Welche,Welchen,Welchem,"Asking 'which street'"
628,Sentences,build_sentence,"wir|haben|gemacht|einen Ausflug",Wir haben einen Ausflug gemacht.,,,
629,Pronouns,multiple_choice,"Er ist abhängig von ___.",ihr,sie,sich,"abhängig sein von + Dativ"
630,Verbs,fill_in_blank,"Ihr ___ die Information.",erhaltet,erhalte,erhalten,"erhalten (to receive)"
631,Articles,multiple_choice,"Ich habe ___ Geschenk für dich.",ein,einen,eine,"das Geschenk (Akkusativ)"
632,Haben/Sein,fill_in_blank,"Wir ___ im Finale.",sind,haben,seid,"sein (to be)"
633,Verbs,fill_in_blank,"Du ___ die Bedeutung.",kennst,kenne,kennen,"kennen (to know)"
634,Cases,multiple_choice,"Er läuft um ___ Haus herum.",das,dem,den,"um + Akkusativ"
635,W-Fragen,fill_in_blank,"___ denkst du an?",Woran,An was,An wen,"Asking 'what are you thinking of'"
636,Sentences,build_sentence,"sie|hat|versucht|zu schlafen",Sie hat versucht zu schlafen.,,,
637,Pronouns,multiple_choice,"Ich verabschiede mich von ___.",dir,dich,du,"sich verabschieden von + Dativ"
638,Verbs,fill_in_blank,"Wir ___ einen Kompromiss.",schließen,schließt,schließe,"schließen (to make a compromise)"
639,Cases,multiple_choice,"Das Hotel liegt am ___ Meer.",null,dem,den,"am (an + dem) + Dativ"
640,Haben/Sein,fill_in_blank,"Ihr ___ viel Geduld.",habt,seid,sind,"haben (to have)"
641,Verbs,fill_in_blank,"Er ___ die Aufgabe.",übernimmt,übernehme,übernehmen,"übernehmen (to take over)"
642,Articles,multiple_choice,"Sie hat Interesse an ___ Kurs.",dem,den,der,"an + Dativ"
643,W-Fragen,fill_in_blank,"___ hat dir das erzählt?",Wer,Was,Wem,"Asking 'who'"
644,Sentences,build_sentence,"ich|kann|nicht|entscheiden|mich",Ich kann mich nicht entscheiden.,,,
645,Pronouns,multiple_choice,"Wir sind neugierig auf ___.",euch,ihr,euer,"neugierig sein auf + Akkusativ"
646,Modal Verbs,fill_in_blank,"Wir ___ das Auto waschen.",sollen,sollt,soll,"sollen (should)"
647,Cases,multiple_choice,"Die Tasse steht auf ___ Untertasse.",der,die,den,"auf + Dativ (location)"
648,Haben/Sein,fill_in_blank,"Du ___ es gut.",hast,bist,haben,"es gut haben (to have it good)"
649,Verbs,fill_in_blank,"Ich ___ dir die Neuigkeiten.",mitteile,mitteilst,mitteilt,"mitteilen (to inform - separable)"
650,Articles,multiple_choice,"Er hat ___ wichtigen Anruf.",einen,ein,eine,"der Anruf (Akkusativ)"
651,Verbs,fill_in_blank,"Sie (she) ___ eine Geschichte.",schreibt,schreibe,schreiben,"schreiben (to write)"
652,Cases,multiple_choice,"Ich gebe ___ Mann das Geld.",dem,den,der,"der Mann (Dativ)"
653,W-Fragen,fill_in_blank,"___ schmeckt das Essen?",Wie,Was,Wer,"Asking for opinion on taste"
654,Sentences,build_sentence,"er|hat|sich|bedankt|für die Hilfe",Er hat sich für die Hilfe bedankt.,,,
655,Pronouns,multiple_choice,"Die Blumen sind für ___.",Sie,Ihnen,Ihr,"für + Akkusativ (formal)"
656,Verbs,multiple_choice,"Ihr ___ zu viel Geld aus.",gebt,gebe,geben,"ausgeben (to spend - separable)"
657,Articles,fill_in_blank,"Das Kind spielt im ___ Sand.",null,dem,den,"im (in + dem) + Dativ"
658,Haben/Sein,fill_in_blank,"Wir ___ im selben Alter.",sind,haben,seid,"sein (to be)"
659,Verbs,fill_in_blank,"Du ___ die Tür zu.",schlägst,schlage,schlagen,"zuschlagen (to slam - separable)"
660,Cases,multiple_choice,"Sie denkt über ___ Angebot nach.",das,dem,den,"nachdenken über + Akkusativ"
661,W-Fragen,fill_in_blank,"___ steht da geschrieben?",Was,Wer,Wie,"Asking 'what is written there'"
662,Sentences,build_sentence,"ich|muss|einkaufen|für das Wochenende",Ich muss für das Wochenende einkaufen.,,,
663,Pronouns,multiple_choice,"Er ist eifersüchtig auf ___.",mich,mir,ich,"eifersüchtig sein auf + Akkusativ"
664,Verbs,fill_in_blank,"Wir ___ den Vertrag.",unterschreiben,unterschreibt,unterschreibe,"unterschreiben (to sign)"
665,Articles,multiple_choice,"Der Apfel fällt nicht weit von ___ Stamm.",dem,den,der,"von + Dativ"
666,Haben/Sein,fill_in_blank,"Du ___ einen guten Geschmack.",hast,bist,haben,"haben (to have)"
667,Verbs,fill_in_blank,"Er ___ seinen Fehler zu.",gibt,gebe,geben,"zugeben (to admit - separable)"
668,Cases,multiple_choice,"Ich lege den Brief auf ___ Stapel.",den,dem,der,"auf + Akkusativ (destination)"
669,W-Fragen,fill_in_blank,"___ hast du das gelernt?",Von wem,Wer,Wem,"Asking 'from whom'"
670,Sentences,build_sentence,"sie|hat|gewartet|lange|auf dich",Sie hat lange auf dich gewartet.,,,
671,Pronouns,multiple_choice,"Ich bin überzeugt von ___.",dir,dich,du,"überzeugt sein von + Dativ"
672,Verbs,fill_in_blank,"Ihr ___ euch gut.",versteht,verstehe,verstehen,"sich verstehen (to get along)"
673,Articles,multiple_choice,"Wir sitzen um ___ Tisch herum.",den,dem,der,"um + Akkusativ"
674,Haben/Sein,fill_in_blank,"Ich ___ auf Wolke sieben.",schwebe,bin,habe,"auf Wolke sieben schweben (to be on cloud nine)"
675,Verbs,fill_in_blank,"Du ___ deine Meinung.",vertrittst,vertrete,vertreten,"vertreten (to represent)"
676,Cases,multiple_choice,"Sie hat einen Termin bei ___ Ärztin.",der,die,den,"bei + Dativ"
677,W-Fragen,fill_in_blank,"___ Uhr treffen wir uns?",Um wie viel,Wann,Wie,"Asking for a specific time"
678,Sentences,build_sentence,"ich|kann|mich|nicht|erinnern|daran",Ich kann mich nicht daran erinnern.,,,
679,Pronouns,multiple_choice,"Das ist eine Frage an ___.",dich,dir,du,"eine Frage an + Akkusativ"
680,Verbs,fill_in_blank,"Wir ___ die Natur.",beobachten,beobachtet,beobachte,"beobachten (to observe)"
681,Cases,multiple_choice,"Der Weg führt durch ___ Wald.",den,dem,der,"durch + Akkusativ"
682,Haben/Sein,fill_in_blank,"Ihr ___ am Zug.",seid,habt,sind,"am Zug sein (to be one's turn)"
683,Verbs,fill_in_blank,"Er ___ die Einladung weiter.",leitet,leite,leiten,"weiterleiten (to forward - separable)"
684,Articles,multiple_choice,"Das Restaurant liegt gegenüber ___ Park.",dem,den,der,"gegenüber + Dativ"
685,W-Fragen,fill_in_blank,"Wofür ___ du dich?",entscheidest,entscheide,entscheiden,"sich entscheiden für"
686,Sentences,build_sentence,"er|hat|sich|beworben|um die Stelle",Er hat sich um die Stelle beworben.,,,
687,Pronouns,multiple_choice,"Das ist typisch für ___.",ihn,er,ihm,"für + Akkusativ"
688,Modal Verbs,fill_in_blank,"Ihr ___ die Regeln befolgen.",müsst,müssen,muss,"müssen (must)"
689,Cases,multiple_choice,"Ich bin gegen ___ Vorschlag.",diesen,diesem,dieser,"gegen + Akkusativ"
690,Haben/Sein,fill_in_blank,"Du ___ den Bogen raus.",hast,bist,haben,"den Bogen raus haben (to have the hang of it)"
691,Verbs,fill_in_blank,"Ich ___ dir mein Wort.",gebe,gibst,gibt,"geben (to give)"
692,Articles,multiple_choice,"Sie wohnt in ___ dritten Etage.",der,die,den,"in + Dativ"
693,W-Fragen,fill_in_blank,"___ steht hinter der Tür?",Wer,Was,Wo,"Asking 'who'"
694,Sentences,build_sentence,"wir|haben|diskutiert|lange|darüber",Wir haben lange darüber diskutiert.,,,
695,Pronouns,multiple_choice,"Ich bin dankbar für ___.",euch,ihr,euer,"für + Akkusativ"
696,Verbs,fill_in_blank,"Ihr ___ das Geheimnis.",verratet,verrate,verraten,"verraten (to reveal)"
697,Cases,multiple_choice,"Er arbeitet als ___ Lehrer.",null,ein,einen,"als + Nominative (profession)"
698,Haben/Sein,fill_in_blank,"Wir ___ den Salat.",haben,sind,seid,"den Salat haben (to be in a mess)"
699,Verbs,fill_in_blank,"Du ___ die Blumen.",pflückst,pflücke,pflücken,"pflücken (to pick)"
700,Articles,multiple_choice,"Das ist das Haus ___ Onkels.",meines,meinen,meinem,"Genitiv (A2/B1)"
701,W-Fragen,fill_in_blank,"___ hast du das Messer hingelegt?",Wohin,Wo,Was,"Asking for destination (wohin)"
702,Sentences,build_sentence,"ich|habe|versprochen|pünktlich zu sein",Ich habe versprochen, pünktlich zu sein.,,,
703,Pronouns,multiple_choice,"Er ist wütend auf ___.",sie,ihr,sich,"wütend sein auf + Akkusativ"
704,Verbs,fill_in_blank,"Wir ___ den Tisch.",decken,deckt,decke,"decken (to set the table)"
705,Cases,multiple_choice,"Ich fahre mit ___ U-Bahn.",der,die,den,"mit + Dativ"
706,Haben/Sein,fill_in_blank,"Du ___ die Wahl.",hast,bist,haben,"die Wahl haben (to have the choice)"
707,Verbs,fill_in_blank,"Er ___ die Chance.",ergreift,ergreife,ergreifen,"ergreifen (to seize)"
708,Articles,multiple_choice,"Sie geht zu ___ besten Freundin.",ihrer,ihre,ihren,"zu + Dativ"
709,W-Fragen,fill_in_blank,"Wozu ___ du das?",brauchst,brauche,brauchen,"Asking 'what for'"
710,Sentences,build_sentence,"er|hat|aufgepasst|nicht|im Unterricht",Er hat im Unterricht nicht aufgepasst.,,,
711,Pronouns,multiple_choice,"Ich bin zufrieden mit ___.",dir,dich,du,"zufrieden sein mit + Dativ"
712,Verbs,fill_in_blank,"Ihr ___ das Formular aus.",füllt,fülle,füllen,"ausfüllen (to fill out - separable)"
713,Cases,multiple_choice,"Er hat einen Ring aus ___ Gold.",null,dem,den,"aus + material (no article)"
714,Haben/Sein,fill_in_blank,"Ich ___ eine Ahnung.",habe,bin,hast,"eine Ahnung haben (to have an idea)"
715,Verbs,fill_in_blank,"Du ___ dein Ziel.",erreichst,erreiche,erreichen,"erreichen (to reach)"
716,Articles,multiple_choice,"Wir sprechen von ___ neuen Projekt.",dem,den,das,"von + Dativ"
717,W-Fragen,fill_in_blank,"___ ist dein Geburtsdatum?",Was,Wie,Wann,"Asking for date of birth"
718,Sentences,build_sentence,"sie|hat|sich|entschieden|für das rote Kleid",Sie hat sich für das rote Kleid entschieden.,,,
719,Pronouns,multiple_choice,"Er hat sich in ___ verliebt.",mich,mir,ich,"sich verlieben in + Akkusativ"
720,Verbs,fill_in_blank,"Wir ___ die Regeln.",befolgen,befolgt,befolge,"befolgen (to follow rules)"
721,Cases,multiple_choice,"Das liegt an ___ schlechten Wetter.",dem,den,das,"an + Dativ"
722,Haben/Sein,fill_in_blank,"Ihr ___ auf dem Holzweg.",seid,habt,sind,"auf dem Holzweg sein (to be on the wrong track)"
723,Verbs,fill_in_blank,"Er ___ seine Schlüssel.",vergisst,vergesse,vergessen,"vergessen (to forget - irregular)"
724,Articles,multiple_choice,"Sie hat einen Hut auf ___ Kopf.",dem,den,der,"auf + Dativ (location)"
725,W-Fragen,fill_in_blank,"___ hast du das erfahren?",Wodurch,Wovon,Wie,"Asking 'through what means'"
726,Sentences,build_sentence,"ich|kann|dir|helfen|nicht|leider",Ich kann dir leider nicht helfen.,,,
727,Pronouns,multiple_choice,"Ich warte schon lange auf ___.",dich,dir,du,"warten auf + Akkusativ"
728,Modal Verbs,fill_in_blank,"Du ___ das nicht anfassen.",darfst,kannst,musst,"dürfen (may, allowed to)"
729,Cases,multiple_choice,"Der Stuhl steht zwischen ___ Fenstern.",den,die,der,"zwischen + Dativ (Plural)"
730,Haben/Sein,fill_in_blank,"Du ___ ein reines Gewissen.",hast,bist,haben,"ein reines Gewissen haben (to have a clear conscience)"
731,Verbs,fill_in_blank,"Ich ___ die Aufgabe.",übernehme,übernimmst,übernimmt,"übernehmen (to take on)"
732,Articles,multiple_choice,"Er ist gegen ___ Plan.",diesen,diesem,dieser,"gegen + Akkusativ"
733,W-Fragen,fill_in_blank,"Womit kann ich ___ dienen?",Ihnen,Sie,Ihr,"Asking 'how can I help you' (formal)"
734,Sentences,build_sentence,"sie|hat|abgesagt|den Termin",Sie hat den Termin abgesagt.,,,
735,Pronouns,multiple_choice,"Ich bin einverstanden mit ___.",euch,ihr,euer,"mit + Dativ"
736,Verbs,fill_in_blank,"Ihr ___ die Kerzen an.",zündet,zünde,zünden,"anzünden (to light - separable)"
737,Cases,multiple_choice,"Das Bild stammt aus ___ 18. Jahrhundert.",dem,den,das,"aus + Dativ"
738,Haben/Sein,fill_in_blank,"Wir ___ die Absicht.",haben,sind,seid,"die Absicht haben (to have the intention)"
739,Verbs,fill_in_blank,"Du ___ das Fenster.",öffnest,öffne,öffnen,"öffnen (to open)"
7p;40,Articles,multiple_choice,"Ich bin ___ Meinung, dass...",der,die,den,"der Meinung sein"
741,W-Fragen,fill_in_blank,"___ gehört das Auto?",Wem,Wen,Wer,"Asking for ownership (dative)"
742,Sentences,build_sentence,"er|hat|gelogen|mich|angelogen",Er hat mich angelogen.,,,
743,Pronouns,multiple_choice,"Er hat sich bei ___ entschuldigt.",mir,mich,ich,"sich entschuldigen bei + Dativ"
744,Verbs,fill_in_blank,"Wir ___ die Stadt.",verlassen,verlasst,verlasse,"verlassen (to leave)"
745,Cases,multiple_choice,"Sie arbeitet trotz ___ Krankheit.",der,die,den,"trotz + Genitiv (A2/B1)"
746,Haben/Sein,fill_in_blank,"Du ___ die Oberhand.",hast,bist,haben,"die Oberhand haben (to have the upper hand)"
747,Verbs,fill_in_blank,"Er ___ die Aufgabe ab.",gibt,gebe,geben,"abgeben (to hand in - separable)"
748,Articles,multiple_choice,"Das ist die Schuld ___ Fahrers.",des,den,dem,"Genitiv (A2/B1)"
749,W-Fragen,fill_in_blank,"Worauf ___ du dich?",beziehst,beziehe,beziehen,"sich beziehen auf + Akkusativ"
750,Sentences,build_sentence,"ich|habe|mich|gefreut|sehr",Ich habe mich sehr gefreut.,,,
751,Pronouns,multiple_choice,"Das hängt von ___ ab.",ihm,ihn,er,"abhängen von + Dativ"
752,Verbs,fill_in_blank,"Ihr ___ die Einladung an.",nehmt,nehme,nehmen,"annehmen (to accept - separable)"
753,Cases,multiple_choice,"Das Schiff fährt durch ___ Kanal.",den,dem,der,"durch + Akkusativ"
754,Haben/Sein,fill_in_blank,"Wir ___ in guter Gesellschaft.",sind,haben,seid,"sein (to be)"
755,Verbs,fill_in_blank,"Du ___ einen guten Eindruck.",machst,mache,machen,"einen Eindruck machen (to make an impression)"
756,Articles,multiple_choice,"Er wohnt in ___ Nähe des Parks.",der,die,dem,"in + Dativ"
757,W-Fragen,fill_in_blank,"___ hast du das gesagt?",Zu wem,Wem,Wer,"Asking 'to whom'"
758,Sentences,build_sentence,"sie|hat|sich|verspätet|zur Arbeit",Sie hat sich zur Arbeit verspätet.,,,
759,Pronouns,multiple_choice,"Ich bin neugierig auf ___.",dich,dir,du,"neugierig sein auf + Akkusativ"
760,Verbs,fill_in_blank,"Wir ___ das Auto.",verkaufen,verkauft,verkaufe,"verkaufen (to sell)"
761,Cases,multiple_choice,"Er ist nach ___ Hause gegangen.",null,dem,das,"nach Hause gehen"
762,Haben/Sein,fill_in_blank,"Du ___ ein großes Herz.",hast,bist,haben,"haben (to have)"
763,Verbs,fill_in_blank,"Er ___ die Musik leiser.",stellt,stelle,stellen,"leiser stellen (to turn down)"
764,Articles,multiple_choice,"Das liegt außerhalb ___ Toleranz.",der,die,den,"außerhalb + Genitiv (A2/B1)"
765,W-Fragen,fill_in_blank,"___ handelt der Film?",Wovon,Worüber,Woran,"handeln von + Dativ"
766,Sentences,build_sentence,"ich|kann|garantieren|nichts",Ich kann nichts garantieren.,,,
767,Pronouns,multiple_choice,"Er hat sich auf ___ verlassen.",uns,wir,unser,"sich verlassen auf + Akkusativ"
768,Modal Verbs,fill_in_blank,"Ich ___ dieses Buch empfehlen.",möchte,will,kann,"möchten (would like to)"
769,Cases,multiple_choice,"Sie arbeitet bei ___ Bank.",einer,eine,einen,"bei + Dativ"
770,Haben/Sein,fill_in_blank,"Ihr ___ auf dem Sprung.",seid,habt,sind,"auf dem Sprung sein (to be about to leave)"
771,Verbs,fill_in_blank,"Ich ___ dir eine Chance.",gebe,gibst,gibt,"geben (to give)"
772,Articles,multiple_choice,"Wir sind für ___ Frieden.",den,dem,der,"für + Akkusativ"
773,W-Fragen,fill_in_blank,"___ hast du dich entschieden?",Wofür,Wogegen,Woran,"sich entscheiden für"
774,Sentences,build_sentence,"er|hat|vergessen|seinen Termin",Er hat seinen Termin vergessen.,,,
775,Pronouns,multiple_choice,"Ich habe ___ etwas mitgebracht.",dir,dich,du,"mitbringen + Dativ"
776,Verbs,fill_in_blank,"Ihr ___ die Tür zu.",haltet,halte,halten,"zuhalten (to hold shut)"
777,Cases,multiple_choice,"Er läuft ___ die Straße.",über,auf,an,"über + Akkusativ"
778,Haben/Sein,fill_in_blank,"Wir ___ Pech gehabt.",haben,sind,seid,"Pech haben (to have bad luck)"
779,Verbs,fill_in_blank,"Du ___ deine Sachen.",packst,packe,packen,"packen (to pack)"
780,Articles,multiple_choice,"Das ist die Jacke ___ Kindes.",des,den,dem,"Genitiv (A2/B1)"
781,W-Fragen,fill_in_blank,"Worauf ___ es an?",kommt,komme,kommen,"ankommen auf + Akkusativ"
782,Sentences,build_sentence,"sie|hat|erzählt|mir|eine Lüge",Sie hat mir eine Lüge erzählt.,,,
783,Pronouns,multiple_choice,"Ich passe auf ___ auf.",dich,dir,du,"aufpassen auf + Akkusativ"
784,Verbs,fill_in_blank,"Wir ___ einen Spaziergang.",machen,macht,mache,"machen (to do/make)"
785,Cases,multiple_choice,"Sie freut sich auf ___ Urlaub.",den,dem,der,"auf + Akkusativ"
786,Haben/Sein,fill_in_blank,"Du ___ die Verantwortung.",hast,bist,haben,"haben (to have)"
787,Verbs,fill_in_blank,"Er ___ seine Fehler ein.",sieht,sehe,sehen,"einsehen (to realize - separable)"
788,Articles,multiple_choice,"Ich bin bei ___ Freund zu Besuch.",einem,einen,ein,"bei + Dativ"
789,W-Fragen,fill_in_blank,"___ hast du das gemacht?",Womit,Wovon,Woran,"Asking 'with what'"
790,Sentences,build_sentence,"ich|habe|mich|verlaufen|im Wald",Ich habe mich im Wald verlaufen.,,,
791,Pronouns,multiple_choice,"Er ist entkommen ___.",ihnen,sie,ihr,"entkommen + Dativ"
792,Verbs,fill_in_blank,"Ihr ___ die Suppe.",esst,esse,essen,"essen (to eat)"
793,Cases,multiple_choice,"Das Konzert findet trotz ___ Regens statt.",des,den,dem,"trotz + Genitiv (A2/B1)"
794,Haben/Sein,fill_in_blank,"Wir ___ im Rückstand.",sind,haben,seid,"im Rückstand sein (to be behind schedule)"
795,Verbs,fill_in_blank,"Du ___ mir nach.",läufst,laufe,laufen,"nachlaufen (to run after - separable)"
796,Articles,multiple_choice,"Sie hat einen Job bei ___ Post.",der,die,den,"bei + Dativ"
797,W-Fragen,fill_in_blank,"___ soll ich anrufen?",Wen,Wem,Wer,"Asking 'whom' (accusative)"
798,Sentences,build_sentence,"er|hat|verpasst|den Anfang",Er hat den Anfang verpasst.,,,
799,Pronouns,multiple_choice,"Ich bin ___ böse.",dir,dich,du,"böse sein + Dativ"
800,Verbs,fill_in_blank,"Wir ___ das Fenster auf.",lassen,lasst,lasse,"auflassen (to leave open - separable)"
801,Verbs,fill_in_blank,"Sie (she) ___ die Zeitung.",liest,lese,lesen,"lesen (to read)"
802,Cases,multiple_choice,"Ich fahre zu ___ Bahnhof.",dem,den,der,"zu + Dativ"
803,W-Fragen,fill_in_blank,"___ ist dein Lieblingsbuch?",Was,Welches,Wer,"Asking 'what/which'"
804,Sentences,build_sentence,"ich|muss|gehen|jetzt|leider",Ich muss jetzt leider gehen.,,,
805,Pronouns,multiple_choice,"Er hat ___ (us) eingeladen.",uns,wir,unser,"einladen + Akkusativ"
806,Verbs,multiple_choice,"Ihr ___ die Musik leiser.",dreht,drehe,drehen,"leiser drehen (to turn down volume)"
807,Articles,fill_in_blank,"Das Hotel liegt direkt an ___ Strand.",dem,den,der,"an + Dativ (location)"
808,Haben/Sein,fill_in_blank,"Du ___ keine Ahnung.",hast,bist,haben,"keine Ahnung haben (to have no idea)"
809,Verbs,fill_in_blank,"Ich ___ meine Schlüssel.",finde,findest,findet,"finden (to find)"
810,Cases,multiple_choice,"Wir sprechen über ___ Politik.",die,der,den,"über + Akkusativ"
811,W-Fragen,fill_in_blank,"___ hast du das gehört?",Von wem,Wer,Wen,"Asking 'from whom'"
812,Sentences,build_sentence,"er|hat|sich|gewundert|darüber",Er hat sich darüber gewundert.,,,
813,Pronouns,multiple_choice,"Das ist eine gute Nachricht für ___.",uns,wir,unser,"für + Akkusativ"
814,Verbs,fill_in_blank,"Du ___ die Pflanze ins Licht.",stellst,stelle,stellen,"stellen (to put)"
815,Articles,multiple_choice,"Sie hat ___ Kette um den Hals.",eine,einen,ein,"um + Akkusativ"
816,Haben/Sein,fill_in_blank,"Wir ___ es nicht mehr weit.",haben,sind,seid,"es nicht mehr weit haben (to not have much further to go)"
817,Verbs,fill_in_blank,"Er ___ die Situation.",beschreibt,beschreibe,beschreiben,"beschreiben (to describe)"
818,Cases,multiple_choice,"Ich bin mit ___ Ergebnis zufrieden.",dem,den,das,"mit + Dativ"
819,W-Fragen,fill_in_blank,"___ steht das?",In welchem Buch,Wo,Was,"Asking 'where is that written'"
820,Sentences,build_sentence,"ich|kann|mich|konzentrieren|nicht",Ich kann mich nicht konzentrieren.,,,
821,Pronouns,multiple_choice,"Er hat sich ___ angeschlossen.",uns,wir,unser,"sich anschließen + Dativ"
822,Modal Verbs,fill_in_blank,"Ihr ___ pünktlich sein.",müsst,müssen,muss,"müssen (must)"
823,Cases,multiple_choice,"Das Dorf liegt zwischen ___ Bergen.",den,die,der,"zwischen + Dativ (Plural)"
824,Haben/Sein,fill_in_blank,"Du ___ einen guten Ruf.",hast,bist,haben,"haben (to have)"
825,Verbs,fill_in_blank,"Ich ___ das nicht.",akzeptiere,akzeptierst,akzeptiert,"akzeptieren (to accept)"
826,Articles,multiple_choice,"Sie geht zu ___ besten Arzt der Stadt.",dem,den,der,"zu + Dativ"
827,W-Fragen,fill_in_blank,"___ soll das enden?",Wie,Was,Wo,"Asking 'how is this supposed to end'"
828,Sentences,build_sentence,"er|hat|bestanden|mit Bravour",Er hat mit Bravour bestanden.,,,
829,Pronouns,multiple_choice,"Ich bin abhängig von ___.",dir,dich,du,"abhängig sein von + Dativ"
830,Verbs,fill_in_blank,"Wir ___ die Wohnung.",putzen,putzt,putze,"putzen (to clean)"
831,Cases,multiple_choice,"Er geht an ___ Kirche vorbei.",der,die,dem,"an + Dativ (location)"
832,Haben/Sein,fill_in_blank,"Wir ___ das Sagen.",haben,sind,seid,"das Sagen haben (to be in charge)"
833,Verbs,fill_in_blank,"Du ___ mir ein Vorbild.",bist,hast,sein,"ein Vorbild sein für + Akkusativ"
834,Articles,multiple_choice,"Die Tasche ist aus ___ Leder.",null,dem,den,"aus + material (no article)"
835,W-Fragen,fill_in_blank,"Wofür ___ du?",sparst,spare,sparen,"sparen für + Akkusativ"
836,Sentences,build_sentence,"sie|hat|sich|verliebt|in ihn",Sie hat sich in ihn verliebt.,,,
837,Pronouns,multiple_choice,"Das ist eine Beleidigung für ___.",mich,mir,ich,"für + Akkusativ"
838,Verbs,fill_in_blank,"Ihr ___ die Geschichte.",glaubt,glaube,glauben,"glauben (to believe)"
839,Cases,multiple_choice,"Das Bild hängt über ___ Sofa.",dem,den,das,"über + Dativ (location)"
840,Haben/Sein,fill_in_blank,"Du ___ ein Ass im Ärmel.",hast,bist,haben,"ein Ass im Ärmel haben"
841,Verbs,fill_in_blank,"Er ___ seine Meinung.",begründet,begründe,begründen,"begründen (to justify)"
842,Articles,multiple_choice,"Ich fahre mit ___ Zug um 8 Uhr.",dem,den,der,"mit + Dativ"
843,W-Fragen,fill_in_blank,"___ steht als Nächstes an?",Was,Wer,Wie,"Asking 'what's next on the agenda'"
844,Sentences,build_sentence,"ich|habe|geträumt|von dir",Ich habe von dir geträumt.,,,
845,Pronouns,multiple_choice,"Er hat ___ (us) zum Lachen gebracht.",uns,wir,unser,"bringen + Akkusativ"
846,Modal Verbs,fill_in_blank,"Du ___ das nicht tun.",solltest,sollst,soll,"sollen (should - Konjunktiv II)"
847,Cases,multiple_choice,"Sie ist bei ___ Großeltern.",ihren,ihre,ihrem,"bei + Dativ (Plural)"
848,Haben/Sein,fill_in_blank,"Ihr ___ nicht ganz bei Trost.",seid,habt,sind,"nicht ganz bei Trost sein (to be out of one's mind)"
849,Verbs,fill_in_blank,"Ich ___ die Blumen.",schneide,schneidest,schneidet,"schneiden (to cut)"
850,Articles,multiple_choice,"Das ist die Entscheidung ___ Chefin.",der,die,den,"Genitiv (A2/B1)"
851,Verbs,fill_in_blank,"Du ___ die Flasche auf.",machst,mache,machen,"aufmachen (to open)"
852,Cases,multiple_choice,"Er hat ___ neuen Computer.",einen,einem,ein,"der Computer (Akkusativ)"
853,W-Fragen,fill_in_blank,"___ ist der schnellste Weg?",Was,Welcher,Wie,"Asking 'what/which'"
854,Sentences,build_sentence,"sie|hat|abgelehnt|das Angebot",Sie hat das Angebot abgelehnt.,,,
855,Pronouns,multiple_choice,"Ich bin ___ für die Hilfe dankbar.",dir,dich,du,"dankbar sein + Dativ"
856,Verbs,multiple_choice,"Wir ___ das Risiko ein.",gehen,geht,gehe,"eingehen (to take a risk - separable)"
857,Articles,fill_in_blank,"Das Buch handelt von ___ König.",einem,einen,ein,"von + Dativ"
858,Haben/Sein,fill_in_blank,"Du ___ das letzte Wort.",hast,bist,haben,"das letzte Wort haben"
859,Verbs,fill_in_blank,"Er ___ die Aufgabe.",erledigt,erledige,erledigen,"erledigen (to take care of)"
860,Cases,multiple_choice,"Sie geht zu ___ Schneider.",dem,den,der,"zu + Dativ"
861,W-Fragen,fill_in_blank,"Worauf ___ du hinaus?",willst,wolle,wollen,"hinauswollen auf + Akkusativ"
862,Sentences,build_sentence,"ich|habe|mich|vorbereitet|gut",Ich habe mich gut vorbereitet.,,,
863,Pronouns,multiple_choice,"Das ist eine Ausnahme für ___.",uns,wir,unser,"für + Akkusativ"
864,Verbs,fill_in_blank,"Ihr ___ die Regeln.",verletzt,verletze,verletzen,"verletzen (to violate)"
865,Cases,multiple_choice,"Das Flugzeug fliegt über ___ Wolken.",den,die,der,"über + Dativ (Plural)"
866,Haben/Sein,fill_in_blank,"Wir ___ im Vorteil.",sind,haben,seid,"im Vorteil sein (to have an advantage)"
867,Verbs,fill_in_blank,"Du ___ die Wahrheit.",verdrehst,verdrehe,verdrehen,"verdrehen (to twist)"
868,Articles,multiple_choice,"Er arbeitet an ___ neuen Projekt.",einem,einen,ein,"an + Dativ"
869,W-Fragen,fill_in_blank,"___ hast du das erfahren?",Wodurch,Wie,Was,"Asking 'by what means'"
870,Sentences,build_sentence,"er|hat|sich|gewöhnt|daran",Er hat sich daran gewöhnt.,,,
871,Pronouns,multiple_choice,"Ich bin stolz auf ___.",euch,ihr,euer,"stolz sein auf + Akkusativ"
872,Modal Verbs,fill_in_blank,"Ich ___ jetzt gehen.",muss,darf,kann,"müssen (must)"
873,Cases,multiple_choice,"Das Geschenk ist von ___ Eltern.",meinen,meine,meiner,"von + Dativ (Plural)"
874,Haben/Sein,fill_in_blank,"Du ___ einen an der Waffel.",hast,bist,haben,"einen an der Waffel haben (to be nuts)"
875,Verbs,fill_in_blank,"Ich ___ dir das nicht.",verzeihe,verzeihst,verzeiht,"verzeihen (to forgive)"
876,Articles,multiple_choice,"Sie wohnt in ___ kleinen Wohnung.",einer,eine,einen,"in + Dativ"
877,W-Fragen,fill_in_blank,"An ___ denkst du?",wen,wem,was,"denken an + Akkusativ"
878,Sentences,build_sentence,"sie|hat|teilgenommen|am Wettbewerb",Sie hat am Wettbewerb teilgenommen.,,,
879,Pronouns,multiple_choice,"Er ist neidisch auf ___.",mich,mir,ich,"neidisch sein auf + Akkusativ"
880,Verbs,fill_in_blank,"Wir ___ das Ergebnis.",feiern,feiert,feiere,"feiern (to celebrate)"
881,Cases,multiple_choice,"Das ist die Aufgabe ___ Schülers.",des,den,dem,"Genitiv (A2/B1)"
882,Haben/Sein,fill_in_blank,"Ihr ___ die Hosen an.",habt,seid,sind,"die Hosen anhaben (to be in charge)"
883,Verbs,fill_in_blank,"Du ___ das Essen vor.",bereitest,bereite,bereiten,"vorbereiten (to prepare - separable)"
884,Articles,multiple_choice,"Er fährt ohne ___ gültiges Ticket.",ein,einen,eine,"ohne + Akkusativ"
885,W-Fragen,fill_in_blank,"___ geht es weiter?",Wie,Was,Wo,"Asking 'how does it continue'"
886,Sentences,build_sentence,"ich|habe|beschlossen|zu Hause zu bleiben",Ich habe beschlossen, zu Hause zu bleiben.,,,
887,Pronouns,multiple_choice,"Ich kümmere mich um ___.",dich,dir,du,"sich kümmern um + Akkusativ"
888,Verbs,fill_in_blank,"Ihr ___ die Blumen.",pflückt,pflücke,pflücken,"pflücken (to pick)"
889,Cases,multiple_choice,"Sie geht mit ___ Freunden aus.",ihren,ihre,ihrem,"mit + Dativ (Plural)"
890,Haben/Sein,fill_in_blank,"Wir ___ auf Abruf.",sind,haben,seid,"auf Abruf sein (to be on call)"
891,Verbs,fill_in_blank,"Er ___ die Tür.",verschließt,verschließe,verschließen,"verschließen (to lock)"
892,Articles,multiple_choice,"Das ist die Schuld ___ Systems.",des,den,dem,"Genitiv (A2/B1)"
893,W-Fragen,fill_in_blank,"___ hat das Rennen gewonnen?",Wer,Was,Wie,"Asking 'who'"
894,Sentences,build_sentence,"er|hat|mich|überzeugt|nicht",Er hat mich nicht überzeugt.,,,
895,Pronouns,multiple_choice,"Ich bin gespannt auf ___.",dich,dir,du,"gespannt sein auf + Akkusativ"
896,Verbs,fill_in_blank,"Wir ___ eine Lösung.",erarbeiten,erarbeitet,erarbeite,"erarbeiten (to develop a solution)"
897,Cases,multiple_choice,"Das Schiff sinkt auf ___ Meeresgrund.",den,dem,der,"auf + Akkusativ (motion)"
898,Haben/Sein,fill_in_blank,"Du ___ ein langes Wochenende vor dir.",hast,bist,haben,"haben (to have)"
899,Verbs,fill_in_blank,"Du ___ das Puzzle.",löst,löse,lösen,"lösen (to solve)"
900,Articles,multiple_choice,"Sie denkt an ___ letzten Urlaub.",den,dem,der,"an + Akkusativ"
901,Verbs,fill_in_blank,"Ich ___ dich zum Essen ein.",lade,lädst,ladet,"einladen (to invite - separable)"
902,Cases,multiple_choice,"Das ist ein Foto aus ___ Kindheit.",meiner,meine,meinem,"aus + Dativ"
903,W-Fragen,fill_in_blank,"___ soll ich mich wenden?",An wen,An wem,Wer,"sich wenden an + Akkusativ"
904,Sentences,build_sentence,"sie|hat|gelächelt|freundlich",Sie hat freundlich gelächelt.,,,
905,Pronouns,multiple_choice,"Ich bin ___ für alles dankbar.",dir,dich,du,"dankbar sein + Dativ"
906,Verbs,multiple_choice,"Ihr ___ die Prüfung.",besteht,bestehe,bestehen,"bestehen (to pass)"
907,Articles,fill_in_blank,"Er wohnt in ___ WG.",einer,eine,einen,"in + Dativ (die WG)"
908,Haben/Sein,fill_in_blank,"Wir ___ eine gemeinsame Basis.",haben,sind,seid,"haben (to have)"
909,Verbs,fill_in_blank,"Er ___ die Frage.",ignoriert,ignoriere,ignorieren,"ignorieren (to ignore)"
910,Cases,multiple_choice,"Das liegt innerhalb ___ Hauses.",des,den,dem,"innerhalb + Genitiv (A2/B1)"
911,W-Fragen,fill_in_blank,"___ steht auf der Speisekarte?",Was,Wer,Wie,"Asking 'what's on the menu'"
912,Sentences,build_sentence,"ich|habe|mich|entschuldigt|für den Fehler",Ich habe mich für den Fehler entschuldigt.,,,
913,Pronouns,multiple_choice,"Er ist enttäuscht von ___.",uns,wir,unser,"enttäuscht sein von + Dativ"
914,Verbs,fill_in_blank,"Du ___ das Geschirr ab.",trocknest,trockne,trocknen,"abtrocknen (to dry - separable)"
915,Articles,multiple_choice,"Sie geht ohne ___ Jacke nach draußen.",eine,einen,ein,"ohne + Akkusativ"
916,Haben/Sein,fill_in_blank,"Ihr ___ im Bilde.",seid,habt,sind,"im Bilde sein (to be informed)"
917,Verbs,fill_in_blank,"Ich ___ das nicht.",unterstütze,unterstützt,unterstützen,"unterstützen (to support)"
918,Cases,multiple_choice,"Er ist der Gründer ___ Firma.",der,die,den,"Genitiv (A2/B1)"
919,W-Fragen,fill_in_blank,"___ soll ich anfangen?",Womit,Wovon,Woran,"Asking 'with what should I start'"
920,Sentences,build_sentence,"er|hat|sich|erkundigt|nach dir",Er hat sich nach dir erkundigt.,,,
921,Pronouns,multiple_choice,"Das ist ein klarer Fall für ___.",mich,mir,ich,"für + Akkusativ"
922,Modal Verbs,fill_in_blank,"Wir ___ das nicht akzeptieren.",können,müssen,dürfen,"können (can)"
923,Cases,multiple_choice,"Der Apfel liegt neben ___ Birne.",der,die,den,"neben + Dativ (location)"
924,Haben/Sein,fill_in_blank,"Du ___ die Ruhe weg.",hast,bist,haben,"die Ruhe weg haben (to be very calm)"
925,Verbs,fill_in_blank,"Ich ___ dir ein Geheimnis an.",vertraue,vertraust,vertraut,"anvertrauen (to entrust)"
926,Articles,multiple_choice,"Sie hat einen Ring am ___ Finger.",null,dem,den,"am (an + dem) + Dativ"
927,W-Fragen,fill_in_blank,"___ bist du dir sicher?",Wie,Wobei,Wovon,"Asking 'how sure are you'"
928,Sentences,build_sentence,"sie|hat|ihm|verziehen|nicht",Sie hat ihm nicht verziehen.,,,
929,Pronouns,multiple_choice,"Ich bin auf ___ angewiesen.",dich,dir,du,"angewiesen sein auf + Akkusativ"
930,Verbs,fill_in_blank,"Wir ___ das Risiko.",eingehen,geht,gehe,"eingehen (to take a risk - separable)"
931,Cases,multiple_choice,"Das ist die Folge ___ Unfalls.",des,den,dem,"Genitiv (A2/B1)"
932,Haben/Sein,fill_in_blank,"Ihr ___ einen langen Atem.",habt,seid,sind,"einen langen Atem haben (to have stamina)"
933,Verbs,fill_in_blank,"Er ___ die Einladung aus.",spricht,spreche,sprechen,"aussprechen (to pronounce/extend - separable)"
934,Articles,multiple_choice,"Wir sind trotz ___ Wetters gekommen.",des schlechten,dem schlechten,das schlechte,"trotz + Genitiv (A2/B1)"
935,W-Fragen,fill_in_blank,"___ redest du?",Über wen,Über wem,Wer,"reden über + Akkusativ"
936,Sentences,build_sentence,"ich|habe|mich|verabschiedet|von allen",Ich habe mich von allen verabschiedet.,,,
937,Pronouns,multiple_choice,"Er hat sich über ___ lustig gemacht.",mich,mir,ich,"sich lustig machen über + Akkusativ"
938,Verbs,fill_in_blank,"Ihr ___ die Situation.",kontrolliert,kontrolliere,kontrollieren,"kontrollieren (to control)"
939,Cases,multiple_choice,"Das Büro ist neben ___ Konferenzraum.",dem,den,der,"neben + Dativ (location)"
940,Haben/Sein,fill_in_blank,"Wir ___ die Schnauze voll.",haben,sind,seid,"die Schnauze voll haben (to be fed up)"
941,Verbs,fill_in_blank,"Du ___ die Tür auf.",brichst,breche,brechen,"aufbrechen (to break open - separable)"
942,Articles,multiple_choice,"Sie hat ein Tattoo auf ___ Arm.",dem,den,der,"auf + Dativ (location)"
943,W-Fragen,fill_in_blank,"___ geht es in dem Buch?",Worum,Worüber,Wovon,"gehen um + Akkusativ"
944,Sentences,build_sentence,"er|hat|mir|empfohlen|dieses Restaurant",Er hat mir dieses Restaurant empfohlen.,,,
945,Pronouns,multiple_choice,"Ich bin nicht einverstanden mit ___.",ihm,ihn,er,"mit + Dativ"
946,Verbs,fill_in_blank,"Wir ___ das Problem.",umgehen,umgeht,umgehe,"umgehen (to bypass - inseparable)"
947,Cases,multiple_choice,"Das ist während ___ Vorstellung passiert.",der,die,den,"während + Genitiv (A2/B1)"
948,Haben/Sein,fill_in_blank,"Du ___ ein Déjà-vu.",hast,bist,haben,"haben (to have)"
949,Verbs,fill_in_blank,"Er ___ das Gesetz.",bricht,breche,brechen,"brechen (to break)"
950,Articles,multiple_choice,"Ich bin Teil ___ Gruppe.",der,die,den,"Genitiv (A2/B1)"
951,Verbs,fill_in_blank,"Ich ___ dich ab.",hole,holst,holt,"abholen (to pick up)"
952,Cases,multiple_choice,"Er geht zu ___ Zahnarzt.",dem,den,der,"zu + Dativ"
953,W-Fragen,fill_in_blank,"___ hast du das Auto geparkt?",Wo,Wohin,Woher,"Asking for location"
954,Sentences,build_sentence,"sie|hat|eingekauft|für die Party",Sie hat für die Party eingekauft.,,,
955,Pronouns,multiple_choice,"Ich bin ___ für die Unterstützung dankbar.",euch,ihr,euer,"dankbar sein + Dativ"
956,Verbs,fill_in_blank,"Ihr ___ die Antwort.",findet,finde,finden,"finden (to find)"
957,Articles,multiple_choice,"Das Restaurant ist um ___ Ecke.",die,der,dem,"um + Akkusativ"
958,Haben/Sein,fill_in_blank,"Wir ___ ein Problem.",haben,sind,seid,"haben (to have)"
959,Verbs,fill_in_blank,"Du ___ die Aufgabe.",löst,löse,lösen,"lösen (to solve)"
960,Cases,multiple_choice,"Sie hat ___ roten Schal.",einen,ein,einem,"der Schal (Akkusativ)"
961,W-Fragen,fill_in_blank,"___ ist dein Lieblingssport?",Was,Wer,Welcher,"Asking 'what'"
962,Sentences,build_sentence,"er|hat|gelernt|zu schwimmen",Er hat gelernt zu schwimmen.,,,
963,Pronouns,multiple_choice,"Ich habe ___ (him) geholfen.",ihm,ihn,er,"helfen + Dativ"
964,Verbs,fill_in_blank,"Wir ___ unsere Freunde zum Abendessen.",treffen,trefft,treffe,"treffen (to meet)"
965,Cases,multiple_choice,"Die Katze sitzt auf ___ Dach.",dem,den,das,"auf + Dativ (location)"
966,Haben/Sein,fill_in_blank,"Du ___ Glück gehabt.",hast,bist,haben,"Glück gehabt haben (Perfekt)"
967,Verbs,fill_in_blank,"Er ___ die Zeitung.",liest,lese,lesen,"lesen (to read)"
968,Articles,multiple_choice,"Ich komme aus ___ Niederlande (pl).",den,die,der,"aus + Dativ (Plural)"
969,W-Fragen,fill_in_blank,"___ hast du das gemacht?",Warum,Wann,Wo,"Asking 'why'"
970,Sentences,build_sentence,"sie|hat|sich|gefreut|über das Geschenk",Sie hat sich über das Geschenk gefreut.,,,
971,Pronouns,multiple_choice,"Ich bin ___ (you, formal) sehr dankbar.",Ihnen,Sie,Ihr,"dankbar sein + Dativ (formal)"
972,Verbs,fill_in_blank,"Ihr ___ die Tür auf.",macht,mache,machen,"aufmachen (to open - separable)"
973,Cases,multiple_choice,"Er geht durch ___ Tor.",das,dem,den,"durch + Akkusativ"
974,Haben/Sein,fill_in_blank,"Wir ___ keine andere Wahl.",haben,sind,seid,"haben (to have)"
975,Verbs,fill_in_blank,"Du ___ die Frage.",verstehst,verstehe,verstehen,"verstehen (to understand)"
976,Articles,multiple_choice,"Das ist die Lösung ___ Rätsels.",des,den,dem,"Genitiv (A2/B1)"
977,W-Fragen,fill_in_blank,"An ___ hast du den Brief geschickt?",wen,wem,wer,"an + Akkusativ"
978,Sentences,build_sentence,"er|hat|versprochen|pünktlich zu sein",Er hat versprochen, pünktlich zu sein.,,,
979,Pronouns,multiple_choice,"Ich habe mich an ___ gewöhnt.",dich,dir,du,"sich gewöhnen an + Akkusativ"
980,Verbs,fill_in_blank,"Wir ___ das Spiel.",beginnen,beginnt,beginne,"beginnen (to begin)"
981,Cases,multiple_choice,"Sie wohnt seit ___ Jahr in Berlin.",einem,einen,ein,"seit + Dativ"
982,Haben/Sein,fill_in_blank,"Du ___ ein sonniges Gemüt.",hast,bist,haben,"haben (to have)"
983,Verbs,fill_in_blank,"Er ___ das Paket.",annimmt,annehme,annehmen,"annehmen (to accept - separable)"
984,Articles,multiple_choice,"Er geht zu ___ Supermarkt.",dem,den,der,"zu + Dativ"
985,W-Fragen,fill_in_blank,"___ hast du deine Schlüssel gelassen?",Wo,Wohin,Was,"Asking for location"
986,Sentences,build_sentence,"sie|hat|sich|entschieden|dagegen",Sie hat sich dagegen entschieden.,,,
987,Pronouns,multiple_choice,"Ich bin ___ treu.",dir,dich,du,"treu sein + Dativ"
988,Modal Verbs,fill_in_blank,"Ich ___ dir das erklären.",kann,muss,soll,"kann (can)"
989,Cases,multiple_choice,"Das ist ___ Auto von Julia.",das,den,dem,"das Auto (Nominativ)"
990,Haben/Sein,fill_in_blank,"Ihr ___ die Prüfung bestanden.",habt,seid,sind,"haben (to have) - Perfekt"
991,Verbs,fill_in_blank,"Ich ___ dir.",folge,folgst,folgt,"folgen (to follow)"
992,Articles,multiple_choice,"Er schreibt mit ___ Stift.",einem,einen,ein,"mit + Dativ"
993,W-Fragen,fill_in_blank,"___ ist deine Meinung dazu?",Was,Wie,Wer,"Asking 'what'"
994,Sentences,build_sentence,"er|hat|mir|gezeigt|den Weg",Er hat mir den Weg gezeigt.,,,
995,Pronouns,multiple_choice,"Ich bin auf ___ gespannt.",euch,ihr,euer,"gespannt sein auf + Akkusativ"
996,Verbs,fill_in_blank,"Wir ___ die Gelegenheit.",nutzen,nutzt,nutze,"nutzen (to use)"
997,Cases,multiple_choice,"Das liegt jenseits ___ Vorstellung.",meiner,meine,meinem,"jenseits + Genitiv (B1)"
998,Haben/Sein,fill_in_blank,"Du ___ eine Menge gelernt.",hast,bist,haben,"haben (to have) - Perfekt"
999,Verbs,fill_in_blank,"Er ___ das Fenster zu.",macht,mache,machen,"zumachen (to close - separable)"
1000,Articles,multiple_choice,"Das ist das Ende ___ Geschichte.",der,die,den,"Genitiv (A2/B1)"